Logged started on,01/04/2025 08:33:00
Feature,Pressure
Nodes,BLEPnP @900939

Date,HostTimestamp,NodeName,NodeTimestamp,RawData,Pressure (mBar)
01/04/2025 08:34:44.335,103753,BLEPnP @900939,18665,D98C0100,1015.93
01/04/2025 08:34:44.395,103799,BLEPnP @900939,18670,D98C0100,1015.93
01/04/2025 08:34:44.425,103829,BLEPnP @900939,18675,D58C0100,1015.89
01/04/2025 08:34:44.486,103890,BLEPnP @900939,18680,D18C0100,1015.85
01/04/2025 08:34:44.545,103950,BLEPnP @900939,18685,D38C0100,1015.87
01/04/2025 08:34:44.576,103980,BLEPnP @900939,18690,DB8C0100,1015.95
01/04/2025 08:34:44.635,104039,BLEPnP @900939,18695,D58C0100,1015.89
01/04/2025 08:34:44.696,104100,BLEPnP @900939,18700,CF8C0100,1015.83
01/04/2025 08:34:44.726,104130,BLEPnP @900939,18705,D38C0100,1015.87
01/04/2025 08:34:44.786,104190,BLEPnP @900939,18710,D58C0100,1015.89
01/04/2025 08:34:44.845,104250,BLEPnP @900939,18715,D78C0100,1015.91
01/04/2025 08:34:44.875,104280,BLEPnP @900939,18720,D98C0100,1015.93
01/04/2025 08:34:44.935,104340,BLEPnP @900939,18725,D28C0100,1015.86
01/04/2025 08:34:44.996,104400,BLEPnP @900939,18730,D38C0100,1015.87
01/04/2025 08:34:45.026,104430,BLEPnP @900939,18735,D88C0100,1015.92
01/04/2025 08:34:45.086,104490,BLEPnP @900939,18740,D88C0100,1015.92
01/04/2025 08:34:45.145,104549,BLEPnP @900939,18745,D88C0100,1015.92
01/04/2025 08:34:45.175,104579,BLEPnP @900939,18750,D18C0100,1015.85
01/04/2025 08:34:45.236,104640,BLEPnP @900939,18755,D28C0100,1015.86
01/04/2025 08:34:45.295,104700,BLEPnP @900939,18760,D18C0100,1015.85
01/04/2025 08:34:45.326,104730,BLEPnP @900939,18765,D28C0100,1015.86
01/04/2025 08:34:45.385,104790,BLEPnP @900939,18770,D58C0100,1015.89
01/04/2025 08:34:45.445,104850,BLEPnP @900939,18775,D58C0100,1015.89
01/04/2025 08:34:45.475,104879,BLEPnP @900939,18780,D78C0100,1015.91
01/04/2025 08:34:45.535,104940,BLEPnP @900939,18785,D68C0100,1015.9
01/04/2025 08:34:45.595,105000,BLEPnP @900939,18790,D68C0100,1015.9
01/04/2025 08:34:45.625,105029,BLEPnP @900939,18795,D48C0100,1015.88
01/04/2025 08:34:45.686,105090,BLEPnP @900939,18800,D88C0100,1015.92
01/04/2025 08:34:45.775,105179,BLEPnP @900939,18805,D88C0100,1015.92
01/04/2025 08:34:45.775,105179,BLEPnP @900939,18810,D88C0100,1015.92
01/04/2025 08:34:45.835,105239,BLEPnP @900939,18815,D78C0100,1015.91
01/04/2025 08:34:45.895,105299,BLEPnP @900939,18820,D48C0100,1015.88
01/04/2025 08:34:45.925,105330,BLEPnP @900939,18825,D28C0100,1015.86
01/04/2025 08:34:45.986,105390,BLEPnP @900939,18830,D38C0100,1015.87
01/04/2025 08:34:46.045,105450,BLEPnP @900939,18835,D18C0100,1015.85
01/04/2025 08:34:46.075,105480,BLEPnP @900939,18840,D18C0100,1015.85
01/04/2025 08:34:46.135,105539,BLEPnP @900939,18845,D18C0100,1015.85
01/04/2025 08:34:46.195,105599,BLEPnP @900939,18850,D48C0100,1015.88
01/04/2025 08:34:46.226,105630,BLEPnP @900939,18855,D38C0100,1015.87
01/04/2025 08:34:46.286,105690,BLEPnP @900939,18860,D48C0100,1015.88
01/04/2025 08:34:46.345,105750,BLEPnP @900939,18865,D58C0100,1015.89
01/04/2025 08:34:46.375,105780,BLEPnP @900939,18870,D48C0100,1015.88
01/04/2025 08:34:46.435,105839,BLEPnP @900939,18875,D78C0100,1015.91
01/04/2025 08:34:46.496,105900,BLEPnP @900939,18880,D58C0100,1015.89
01/04/2025 08:34:46.525,105929,BLEPnP @900939,18885,D28C0100,1015.86
01/04/2025 08:34:46.586,105990,BLEPnP @900939,18890,D08C0100,1015.84
01/04/2025 08:34:46.645,106050,BLEPnP @900939,18895,D28C0100,1015.86
01/04/2025 08:34:46.676,106080,BLEPnP @900939,18900,D78C0100,1015.91
01/04/2025 08:34:46.736,106140,BLEPnP @900939,18905,D68C0100,1015.9
01/04/2025 08:34:46.795,106200,BLEPnP @900939,18910,D18C0100,1015.85
01/04/2025 08:34:46.826,106230,BLEPnP @900939,18915,D38C0100,1015.87
01/04/2025 08:34:46.885,106289,BLEPnP @900939,18920,D58C0100,1015.89
01/04/2025 08:34:46.945,106350,BLEPnP @900939,18925,D18C0100,1015.85
01/04/2025 08:34:46.976,106380,BLEPnP @900939,18930,D08C0100,1015.84
01/04/2025 08:34:47.035,106440,BLEPnP @900939,18935,D18C0100,1015.85
01/04/2025 08:34:47.095,106500,BLEPnP @900939,18940,D48C0100,1015.88
01/04/2025 08:34:47.126,106530,BLEPnP @900939,18945,D78C0100,1015.91
01/04/2025 08:34:47.185,106589,BLEPnP @900939,18950,D48C0100,1015.88
01/04/2025 08:34:47.245,106650,BLEPnP @900939,18955,D38C0100,1015.87
01/04/2025 08:34:47.275,106679,BLEPnP @900939,18960,D48C0100,1015.88
01/04/2025 08:34:47.335,106740,BLEPnP @900939,18965,D18C0100,1015.85
01/04/2025 08:34:47.395,106799,BLEPnP @900939,18970,D28C0100,1015.86
01/04/2025 08:34:47.425,106829,BLEPnP @900939,18975,D78C0100,1015.91
01/04/2025 08:34:47.486,106890,BLEPnP @900939,18980,DA8C0100,1015.94
01/04/2025 08:34:47.545,106950,BLEPnP @900939,18985,D38C0100,1015.87
01/04/2025 08:34:47.575,106979,BLEPnP @900939,18990,D38C0100,1015.87
01/04/2025 08:34:47.635,107039,BLEPnP @900939,18995,D78C0100,1015.91
01/04/2025 08:34:47.695,107100,BLEPnP @900939,19000,D78C0100,1015.91
01/04/2025 08:34:47.725,107129,BLEPnP @900939,19005,D58C0100,1015.89
01/04/2025 08:34:47.785,107190,BLEPnP @900939,19010,D18C0100,1015.85
01/04/2025 08:34:47.845,107250,BLEPnP @900939,19015,D08C0100,1015.84
01/04/2025 08:34:47.876,107280,BLEPnP @900939,19020,D58C0100,1015.89
01/04/2025 08:34:47.936,107340,BLEPnP @900939,19025,D08C0100,1015.84
01/04/2025 08:34:47.995,107399,BLEPnP @900939,19030,D28C0100,1015.86
01/04/2025 08:34:48.026,107430,BLEPnP @900939,19035,D68C0100,1015.9
01/04/2025 08:34:48.086,107490,BLEPnP @900939,19040,D58C0100,1015.89
01/04/2025 08:34:48.145,107550,BLEPnP @900939,19045,D58C0100,1015.89
01/04/2025 08:34:48.175,107579,BLEPnP @900939,19050,D48C0100,1015.88
01/04/2025 08:34:48.235,107640,BLEPnP @900939,19055,D68C0100,1015.9
01/04/2025 08:34:48.296,107700,BLEPnP @900939,19060,D78C0100,1015.91
01/04/2025 08:34:48.325,107730,BLEPnP @900939,19065,D08C0100,1015.84
01/04/2025 08:34:48.385,107789,BLEPnP @900939,19070,D08C0100,1015.84
01/04/2025 08:34:48.445,107849,BLEPnP @900939,19075,D38C0100,1015.87
01/04/2025 08:34:48.475,107880,BLEPnP @900939,19080,D28C0100,1015.86
01/04/2025 08:34:48.535,107940,BLEPnP @900939,19085,D58C0100,1015.89
01/04/2025 08:34:48.595,108000,BLEPnP @900939,19090,D88C0100,1015.92
01/04/2025 08:34:48.625,108030,BLEPnP @900939,19095,D28C0100,1015.86
01/04/2025 08:34:48.686,108090,BLEPnP @900939,19100,D58C0100,1015.89
01/04/2025 08:34:48.745,108150,BLEPnP @900939,19105,D48C0100,1015.88
01/04/2025 08:34:48.775,108179,BLEPnP @900939,19110,D28C0100,1015.86
01/04/2025 08:34:48.835,108240,BLEPnP @900939,19115,D38C0100,1015.87
01/04/2025 08:34:48.895,108299,BLEPnP @900939,19120,D38C0100,1015.87
01/04/2025 08:34:48.925,108329,BLEPnP @900939,19125,D18C0100,1015.85
01/04/2025 08:34:48.985,108390,BLEPnP @900939,19130,D78C0100,1015.91
01/04/2025 08:34:49.045,108450,BLEPnP @900939,19135,D68C0100,1015.9
01/04/2025 08:34:49.075,108480,BLEPnP @900939,19140,D48C0100,1015.88
01/04/2025 08:34:49.135,108539,BLEPnP @900939,19145,D38C0100,1015.87
01/04/2025 08:34:49.196,108600,BLEPnP @900939,19150,D98C0100,1015.93
01/04/2025 08:34:49.225,108630,BLEPnP @900939,19155,DC8C0100,1015.96
01/04/2025 08:34:49.285,108689,BLEPnP @900939,19160,D78C0100,1015.91
01/04/2025 08:34:49.345,108750,BLEPnP @900939,19165,D58C0100,1015.89
01/04/2025 08:34:49.375,108779,BLEPnP @900939,19170,CE8C0100,1015.82
01/04/2025 08:34:49.435,108840,BLEPnP @900939,19175,D38C0100,1015.87
01/04/2025 08:34:49.495,108900,BLEPnP @900939,19180,D68C0100,1015.9
01/04/2025 08:34:49.525,108929,BLEPnP @900939,19185,D08C0100,1015.84
01/04/2025 08:34:49.586,108990,BLEPnP @900939,19190,D28C0100,1015.86
01/04/2025 08:34:49.645,109049,BLEPnP @900939,19195,D08C0100,1015.84
01/04/2025 08:34:49.675,109079,BLEPnP @900939,19200,D78C0100,1015.91
01/04/2025 08:34:49.736,109140,BLEPnP @900939,19205,DB8C0100,1015.95
01/04/2025 08:34:49.796,109200,BLEPnP @900939,19210,D68C0100,1015.9
01/04/2025 08:34:49.825,109229,BLEPnP @900939,19215,D28C0100,1015.86
01/04/2025 08:34:49.886,109290,BLEPnP @900939,19220,D38C0100,1015.87
01/04/2025 08:34:49.945,109350,BLEPnP @900939,19225,D68C0100,1015.9
01/04/2025 08:34:49.975,109379,BLEPnP @900939,19230,D88C0100,1015.92
01/04/2025 08:34:50.035,109439,BLEPnP @900939,19235,D68C0100,1015.9
01/04/2025 08:34:50.095,109500,BLEPnP @900939,19240,D48C0100,1015.88
01/04/2025 08:34:50.125,109529,BLEPnP @900939,19245,D38C0100,1015.87
01/04/2025 08:34:50.185,109590,BLEPnP @900939,19250,D58C0100,1015.89
01/04/2025 08:34:50.245,109649,BLEPnP @900939,19255,D58C0100,1015.89
01/04/2025 08:34:50.275,109679,BLEPnP @900939,19260,D58C0100,1015.89
01/04/2025 08:34:50.335,109740,BLEPnP @900939,19265,D58C0100,1015.89
01/04/2025 08:34:50.395,109799,BLEPnP @900939,19270,D28C0100,1015.86
01/04/2025 08:34:50.425,109829,BLEPnP @900939,19275,D08C0100,1015.84
01/04/2025 08:34:50.486,109890,BLEPnP @900939,19280,D38C0100,1015.87
01/04/2025 08:34:50.545,109950,BLEPnP @900939,19285,D38C0100,1015.87
01/04/2025 08:34:50.575,109979,BLEPnP @900939,19290,D38C0100,1015.87
01/04/2025 08:34:50.635,110040,BLEPnP @900939,19295,D48C0100,1015.88
01/04/2025 08:34:50.695,110100,BLEPnP @900939,19300,D48C0100,1015.88
01/04/2025 08:34:50.726,110130,BLEPnP @900939,19305,D48C0100,1015.88
01/04/2025 08:34:50.786,110190,BLEPnP @900939,19310,D38C0100,1015.87
01/04/2025 08:34:50.846,110250,BLEPnP @900939,19315,D38C0100,1015.87
01/04/2025 08:34:50.875,110279,BLEPnP @900939,19320,D18C0100,1015.85
01/04/2025 08:34:50.935,110340,BLEPnP @900939,19325,D38C0100,1015.87
01/04/2025 08:34:50.995,110400,BLEPnP @900939,19330,D38C0100,1015.87
01/04/2025 08:34:51.025,110429,BLEPnP @900939,19335,D18C0100,1015.85
01/04/2025 08:34:51.086,110490,BLEPnP @900939,19340,D48C0100,1015.88
01/04/2025 08:34:51.145,110550,BLEPnP @900939,19345,D38C0100,1015.87
01/04/2025 08:34:51.175,110579,BLEPnP @900939,19350,D58C0100,1015.89
01/04/2025 08:34:51.235,110640,BLEPnP @900939,19355,D48C0100,1015.88
01/04/2025 08:34:51.296,110700,BLEPnP @900939,19360,D18C0100,1015.85
01/04/2025 08:34:51.325,110730,BLEPnP @900939,19365,DA8C0100,1015.94
01/04/2025 08:34:51.386,110790,BLEPnP @900939,19370,DB8C0100,1015.95
01/04/2025 08:34:51.445,110850,BLEPnP @900939,19375,D48C0100,1015.88
01/04/2025 08:34:51.475,110879,BLEPnP @900939,19380,D08C0100,1015.84
01/04/2025 08:34:51.535,110939,BLEPnP @900939,19385,D48C0100,1015.88
01/04/2025 08:34:51.625,111029,BLEPnP @900939,19390,D18C0100,1015.85
01/04/2025 08:34:51.628,111032,BLEPnP @900939,19395,D28C0100,1015.86
01/04/2025 08:34:51.686,111090,BLEPnP @900939,19400,D08C0100,1015.84
01/04/2025 08:34:51.746,111150,BLEPnP @900939,19405,CF8C0100,1015.83
01/04/2025 08:34:51.775,111179,BLEPnP @900939,19410,D28C0100,1015.86
01/04/2025 08:34:51.835,111240,BLEPnP @900939,19415,D28C0100,1015.86
01/04/2025 08:34:51.895,111299,BLEPnP @900939,19420,D88C0100,1015.92
01/04/2025 08:34:51.925,111329,BLEPnP @900939,19425,D98C0100,1015.93
01/04/2025 08:34:51.986,111390,BLEPnP @900939,19430,D58C0100,1015.89
01/04/2025 08:34:52.045,111450,BLEPnP @900939,19435,D48C0100,1015.88
01/04/2025 08:34:52.075,111479,BLEPnP @900939,19440,D08C0100,1015.84
01/04/2025 08:34:52.135,111540,BLEPnP @900939,19445,D18C0100,1015.85
01/04/2025 08:34:52.195,111600,BLEPnP @900939,19450,D28C0100,1015.86
01/04/2025 08:34:52.225,111629,BLEPnP @900939,19455,D18C0100,1015.85
01/04/2025 08:34:52.286,111690,BLEPnP @900939,19460,D48C0100,1015.88
01/04/2025 08:34:52.345,111750,BLEPnP @900939,19465,D48C0100,1015.88
01/04/2025 08:34:52.375,111779,BLEPnP @900939,19470,D48C0100,1015.88
01/04/2025 08:34:52.435,111839,BLEPnP @900939,19475,D68C0100,1015.9
01/04/2025 08:34:52.495,111899,BLEPnP @900939,19480,D68C0100,1015.9
01/04/2025 08:34:52.525,111929,BLEPnP @900939,19485,D58C0100,1015.89
01/04/2025 08:34:52.586,111990,BLEPnP @900939,19490,D48C0100,1015.88
01/04/2025 08:34:52.645,112050,BLEPnP @900939,19495,D28C0100,1015.86
01/04/2025 08:34:52.675,112080,BLEPnP @900939,19500,D08C0100,1015.84
01/04/2025 08:34:52.735,112140,BLEPnP @900939,19505,CF8C0100,1015.83
01/04/2025 08:34:52.795,112199,BLEPnP @900939,19510,D48C0100,1015.88
01/04/2025 08:34:52.825,112229,BLEPnP @900939,19515,D78C0100,1015.91
01/04/2025 08:34:52.886,112290,BLEPnP @900939,19520,D48C0100,1015.88
01/04/2025 08:34:52.945,112350,BLEPnP @900939,19525,CF8C0100,1015.83
01/04/2025 08:34:52.975,112379,BLEPnP @900939,19530,CD8C0100,1015.81
01/04/2025 08:34:53.035,112439,BLEPnP @900939,19535,D58C0100,1015.89
01/04/2025 08:34:53.095,112500,BLEPnP @900939,19540,D48C0100,1015.88
01/04/2025 08:34:53.125,112529,BLEPnP @900939,19545,D38C0100,1015.87
01/04/2025 08:34:53.186,112590,BLEPnP @900939,19550,D48C0100,1015.88
01/04/2025 08:34:53.245,112650,BLEPnP @900939,19555,D48C0100,1015.88
01/04/2025 08:34:53.275,112679,BLEPnP @900939,19560,D28C0100,1015.86
01/04/2025 08:34:53.335,112739,BLEPnP @900939,19565,D48C0100,1015.88
01/04/2025 08:34:53.395,112799,BLEPnP @900939,19570,D48C0100,1015.88
01/04/2025 08:34:53.425,112829,BLEPnP @900939,19575,D38C0100,1015.87
01/04/2025 08:34:53.486,112890,BLEPnP @900939,19580,D28C0100,1015.86
01/04/2025 08:34:53.545,112949,BLEPnP @900939,19585,D38C0100,1015.87
01/04/2025 08:34:53.575,112979,BLEPnP @900939,19590,D78C0100,1015.91
01/04/2025 08:34:53.635,113039,BLEPnP @900939,19595,D98C0100,1015.93
01/04/2025 08:34:53.695,113100,BLEPnP @900939,19600,D48C0100,1015.88
01/04/2025 08:34:53.725,113129,BLEPnP @900939,19605,D68C0100,1015.9
01/04/2025 08:34:53.786,113190,BLEPnP @900939,19610,D38C0100,1015.87
01/04/2025 08:34:53.845,113250,BLEPnP @900939,19615,D78C0100,1015.91
01/04/2025 08:34:53.875,113279,BLEPnP @900939,19620,D48C0100,1015.88
01/04/2025 08:34:53.935,113340,BLEPnP @900939,19625,D28C0100,1015.86
01/04/2025 08:34:53.995,113399,BLEPnP @900939,19630,D38C0100,1015.87
01/04/2025 08:34:54.025,113429,BLEPnP @900939,19635,D08C0100,1015.84
01/04/2025 08:34:54.086,113490,BLEPnP @900939,19640,D28C0100,1015.86
01/04/2025 08:34:54.145,113549,BLEPnP @900939,19645,D48C0100,1015.88
01/04/2025 08:34:54.175,113580,BLEPnP @900939,19650,D58C0100,1015.89
01/04/2025 08:34:54.235,113640,BLEPnP @900939,19655,D18C0100,1015.85
01/04/2025 08:34:54.295,113699,BLEPnP @900939,19660,D48C0100,1015.88
01/04/2025 08:34:54.326,113730,BLEPnP @900939,19665,D58C0100,1015.89
01/04/2025 08:34:54.386,113790,BLEPnP @900939,19670,D48C0100,1015.88
01/04/2025 08:34:54.445,113849,BLEPnP @900939,19675,D78C0100,1015.91
01/04/2025 08:34:54.475,113880,BLEPnP @900939,19680,D88C0100,1015.92
01/04/2025 08:34:54.535,113939,BLEPnP @900939,19685,DA8C0100,1015.94
01/04/2025 08:34:54.596,114000,BLEPnP @900939,19690,DB8C0100,1015.95
01/04/2025 08:34:54.625,114030,BLEPnP @900939,19695,DC8C0100,1015.96
01/04/2025 08:34:54.686,114090,BLEPnP @900939,19700,DB8C0100,1015.95
01/04/2025 08:34:54.745,114150,BLEPnP @900939,19705,DA8C0100,1015.94
01/04/2025 08:34:54.775,114179,BLEPnP @900939,19710,D58C0100,1015.89
01/04/2025 08:34:54.835,114240,BLEPnP @900939,19715,D88C0100,1015.92
01/04/2025 08:34:54.895,114299,BLEPnP @900939,19720,DA8C0100,1015.94
01/04/2025 08:34:54.925,114330,BLEPnP @900939,19725,DA8C0100,1015.94
01/04/2025 08:34:54.985,114389,BLEPnP @900939,19730,D98C0100,1015.93
01/04/2025 08:34:55.045,114450,BLEPnP @900939,19735,D78C0100,1015.91
01/04/2025 08:34:55.075,114479,BLEPnP @900939,19740,CE8C0100,1015.82
01/04/2025 08:34:55.135,114540,BLEPnP @900939,19745,CB8C0100,1015.79
01/04/2025 08:34:55.195,114599,BLEPnP @900939,19750,D28C0100,1015.86
01/04/2025 08:34:55.225,114629,BLEPnP @900939,19755,D58C0100,1015.89
01/04/2025 08:34:55.286,114690,BLEPnP @900939,19760,D38C0100,1015.87
01/04/2025 08:34:55.345,114749,BLEPnP @900939,19765,D38C0100,1015.87
01/04/2025 08:34:55.405,114809,BLEPnP @900939,19770,D58C0100,1015.89
01/04/2025 08:34:55.435,114839,BLEPnP @900939,19775,D88C0100,1015.92
01/04/2025 08:34:55.495,114900,BLEPnP @900939,19780,D68C0100,1015.9
01/04/2025 08:34:55.525,114929,BLEPnP @900939,19785,D18C0100,1015.85
01/04/2025 08:34:55.586,114990,BLEPnP @900939,19790,D08C0100,1015.84
01/04/2025 08:34:55.645,115050,BLEPnP @900939,19795,D38C0100,1015.87
01/04/2025 08:34:55.675,115079,BLEPnP @900939,19800,D48C0100,1015.88
01/04/2025 08:34:55.736,115140,BLEPnP @900939,19805,D78C0100,1015.91
01/04/2025 08:34:55.795,115199,BLEPnP @900939,19810,D28C0100,1015.86
01/04/2025 08:34:55.825,115229,BLEPnP @900939,19815,D18C0100,1015.85
01/04/2025 08:34:55.886,115290,BLEPnP @900939,19820,D38C0100,1015.87
01/04/2025 08:34:55.945,115350,BLEPnP @900939,19825,D98C0100,1015.93
01/04/2025 08:34:55.976,115380,BLEPnP @900939,19830,D38C0100,1015.87
01/04/2025 08:34:56.035,115440,BLEPnP @900939,19835,DA8C0100,1015.94
01/04/2025 08:34:56.095,115500,BLEPnP @900939,19840,D78C0100,1015.91
01/04/2025 08:34:56.125,115530,BLEPnP @900939,19845,D48C0100,1015.88
01/04/2025 08:34:56.185,115589,BLEPnP @900939,19850,D28C0100,1015.86
01/04/2025 08:34:56.245,115650,BLEPnP @900939,19855,D88C0100,1015.92
01/04/2025 08:34:56.275,115679,BLEPnP @900939,19860,D18C0100,1015.85
01/04/2025 08:34:56.335,115740,BLEPnP @900939,19865,D08C0100,1015.84
01/04/2025 08:34:56.395,115800,BLEPnP @900939,19870,D58C0100,1015.89
01/04/2025 08:34:56.425,115830,BLEPnP @900939,19875,D38C0100,1015.87
01/04/2025 08:34:56.485,115889,BLEPnP @900939,19880,D48C0100,1015.88
01/04/2025 08:34:56.545,115950,BLEPnP @900939,19885,D18C0100,1015.85
01/04/2025 08:34:56.575,115980,BLEPnP @900939,19890,D18C0100,1015.85
01/04/2025 08:34:56.665,116069,BLEPnP @900939,19895,D68C0100,1015.9
01/04/2025 08:34:56.695,116099,BLEPnP @900939,19900,D38C0100,1015.87
01/04/2025 08:34:56.725,116129,BLEPnP @900939,19905,D48C0100,1015.88
01/04/2025 08:34:56.785,116189,BLEPnP @900939,19910,D28C0100,1015.86
01/04/2025 08:34:56.845,116250,BLEPnP @900939,19915,D08C0100,1015.84
01/04/2025 08:34:56.875,116280,BLEPnP @900939,19920,CF8C0100,1015.83
01/04/2025 08:34:56.935,116340,BLEPnP @900939,19925,D28C0100,1015.86
01/04/2025 08:34:56.995,116400,BLEPnP @900939,19930,D28C0100,1015.86
01/04/2025 08:34:57.025,116429,BLEPnP @900939,19935,D28C0100,1015.86
01/04/2025 08:34:57.085,116489,BLEPnP @900939,19940,D68C0100,1015.9
01/04/2025 08:34:57.145,116550,BLEPnP @900939,19945,D58C0100,1015.89
01/04/2025 08:34:57.175,116580,BLEPnP @900939,19950,D28C0100,1015.86
01/04/2025 08:34:57.235,116640,BLEPnP @900939,19955,D18C0100,1015.85
01/04/2025 08:34:57.295,116699,BLEPnP @900939,19960,D28C0100,1015.86
01/04/2025 08:34:57.325,116729,BLEPnP @900939,19965,D68C0100,1015.9
01/04/2025 08:34:57.385,116789,BLEPnP @900939,19970,D88C0100,1015.92
01/04/2025 08:34:57.445,116850,BLEPnP @900939,19975,DA8C0100,1015.94
01/04/2025 08:34:57.475,116880,BLEPnP @900939,19980,D78C0100,1015.91
01/04/2025 08:34:57.565,116969,BLEPnP @900939,19985,D48C0100,1015.88
01/04/2025 08:34:57.595,117000,BLEPnP @900939,19990,D38C0100,1015.87
01/04/2025 08:34:57.625,117029,BLEPnP @900939,19995,D78C0100,1015.91
01/04/2025 08:34:57.685,117089,BLEPnP @900939,20000,D98C0100,1015.93
01/04/2025 08:34:57.745,117150,BLEPnP @900939,20005,D68C0100,1015.9
01/04/2025 08:34:57.775,117180,BLEPnP @900939,20010,D18C0100,1015.85
01/04/2025 08:34:57.835,117240,BLEPnP @900939,20015,D28C0100,1015.86
01/04/2025 08:34:57.895,117299,BLEPnP @900939,20020,D28C0100,1015.86
01/04/2025 08:34:57.926,117330,BLEPnP @900939,20025,D38C0100,1015.87
01/04/2025 08:34:57.985,117389,BLEPnP @900939,20030,CD8C0100,1015.81
01/04/2025 08:34:58.045,117449,BLEPnP @900939,20035,D08C0100,1015.84
01/04/2025 08:34:58.075,117479,BLEPnP @900939,20040,D48C0100,1015.88
01/04/2025 08:34:58.135,117540,BLEPnP @900939,20045,D48C0100,1015.88
01/04/2025 08:34:58.195,117599,BLEPnP @900939,20050,D28C0100,1015.86
01/04/2025 08:34:58.225,117630,BLEPnP @900939,20055,D18C0100,1015.85
01/04/2025 08:34:58.286,117690,BLEPnP @900939,20060,D48C0100,1015.88
01/04/2025 08:34:58.345,117749,BLEPnP @900939,20065,D48C0100,1015.88
01/04/2025 08:34:58.375,117779,BLEPnP @900939,20070,D38C0100,1015.87
01/04/2025 08:34:58.435,117840,BLEPnP @900939,20075,D28C0100,1015.86
01/04/2025 08:34:58.495,117900,BLEPnP @900939,20080,D08C0100,1015.84
01/04/2025 08:34:58.525,117930,BLEPnP @900939,20085,D38C0100,1015.87
01/04/2025 08:34:58.585,117989,BLEPnP @900939,20090,D48C0100,1015.88
01/04/2025 08:34:58.645,118050,BLEPnP @900939,20095,D48C0100,1015.88
01/04/2025 08:34:58.675,118079,BLEPnP @900939,20100,D18C0100,1015.85
01/04/2025 08:34:58.735,118140,BLEPnP @900939,20105,D88C0100,1015.92
01/04/2025 08:34:58.795,118199,BLEPnP @900939,20110,D48C0100,1015.88
01/04/2025 08:34:58.825,118230,BLEPnP @900939,20115,D38C0100,1015.87
01/04/2025 08:34:58.885,118289,BLEPnP @900939,20120,D28C0100,1015.86
01/04/2025 08:34:58.945,118350,BLEPnP @900939,20125,D28C0100,1015.86
01/04/2025 08:34:58.975,118379,BLEPnP @900939,20130,D38C0100,1015.87
01/04/2025 08:34:59.035,118439,BLEPnP @900939,20135,D28C0100,1015.86
01/04/2025 08:34:59.095,118500,BLEPnP @900939,20140,D68C0100,1015.9
01/04/2025 08:34:59.125,118530,BLEPnP @900939,20145,D58C0100,1015.89
01/04/2025 08:34:59.185,118589,BLEPnP @900939,20150,D58C0100,1015.89
01/04/2025 08:34:59.245,118649,BLEPnP @900939,20155,CF8C0100,1015.83
01/04/2025 08:34:59.275,118680,BLEPnP @900939,20160,D18C0100,1015.85
01/04/2025 08:34:59.335,118740,BLEPnP @900939,20165,D58C0100,1015.89
01/04/2025 08:34:59.395,118799,BLEPnP @900939,20170,D98C0100,1015.93
01/04/2025 08:34:59.425,118829,BLEPnP @900939,20175,D28C0100,1015.86
01/04/2025 08:34:59.485,118889,BLEPnP @900939,20180,CF8C0100,1015.83
01/04/2025 08:34:59.545,118950,BLEPnP @900939,20185,CE8C0100,1015.82
01/04/2025 08:34:59.575,118980,BLEPnP @900939,20190,D18C0100,1015.85
01/04/2025 08:34:59.635,119040,BLEPnP @900939,20195,D28C0100,1015.86
01/04/2025 08:34:59.695,119100,BLEPnP @900939,20200,D88C0100,1015.92
01/04/2025 08:34:59.725,119130,BLEPnP @900939,20205,D58C0100,1015.89
01/04/2025 08:34:59.785,119189,BLEPnP @900939,20210,D48C0100,1015.88
01/04/2025 08:34:59.845,119249,BLEPnP @900939,20215,D08C0100,1015.84
01/04/2025 08:34:59.875,119279,BLEPnP @900939,20220,D28C0100,1015.86
01/04/2025 08:34:59.935,119340,BLEPnP @900939,20225,D18C0100,1015.85
01/04/2025 08:34:59.995,119398,BLEPnP @900939,20230,D28C0100,1015.86
01/04/2025 08:35:00.025,119430,BLEPnP @900939,20235,CE8C0100,1015.82
01/04/2025 08:35:00.085,119489,BLEPnP @900939,20240,D08C0100,1015.84
01/04/2025 08:35:00.145,119550,BLEPnP @900939,20245,D48C0100,1015.88
01/04/2025 08:35:00.175,119579,BLEPnP @900939,20250,D68C0100,1015.9
01/04/2025 08:35:00.235,119640,BLEPnP @900939,20255,D78C0100,1015.91
01/04/2025 08:35:00.295,119699,BLEPnP @900939,20260,D58C0100,1015.89
01/04/2025 08:35:00.325,119729,BLEPnP @900939,20265,D28C0100,1015.86
01/04/2025 08:35:00.385,119789,BLEPnP @900939,20270,D28C0100,1015.86
01/04/2025 08:35:00.445,119849,BLEPnP @900939,20275,D28C0100,1015.86
01/04/2025 08:35:00.475,119879,BLEPnP @900939,20280,D48C0100,1015.88
01/04/2025 08:35:00.535,119939,BLEPnP @900939,20285,D58C0100,1015.89
01/04/2025 08:35:00.596,120000,BLEPnP @900939,20290,D98C0100,1015.93
01/04/2025 08:35:00.625,120030,BLEPnP @900939,20295,D58C0100,1015.89
01/04/2025 08:35:00.685,120089,BLEPnP @900939,20300,DD8C0100,1015.97
01/04/2025 08:35:00.745,120149,BLEPnP @900939,20305,D98C0100,1015.93
01/04/2025 08:35:00.775,120180,BLEPnP @900939,20310,D48C0100,1015.88
01/04/2025 08:35:00.835,120240,BLEPnP @900939,20315,D18C0100,1015.85
01/04/2025 08:35:00.895,120299,BLEPnP @900939,20320,D08C0100,1015.84
01/04/2025 08:35:00.925,120330,BLEPnP @900939,20325,D38C0100,1015.87
01/04/2025 08:35:00.985,120389,BLEPnP @900939,20330,D48C0100,1015.88
01/04/2025 08:35:01.045,120450,BLEPnP @900939,20335,D18C0100,1015.85
01/04/2025 08:35:01.075,120479,BLEPnP @900939,20340,D28C0100,1015.86
01/04/2025 08:35:01.135,120540,BLEPnP @900939,20345,D18C0100,1015.85
01/04/2025 08:35:01.196,120600,BLEPnP @900939,20350,D78C0100,1015.91
01/04/2025 08:35:01.225,120630,BLEPnP @900939,20355,D48C0100,1015.88
01/04/2025 08:35:01.285,120689,BLEPnP @900939,20360,D18C0100,1015.85
01/04/2025 08:35:01.345,120750,BLEPnP @900939,20365,D18C0100,1015.85
01/04/2025 08:35:01.375,120779,BLEPnP @900939,20370,D08C0100,1015.84
01/04/2025 08:35:01.435,120840,BLEPnP @900939,20375,D38C0100,1015.87
01/04/2025 08:35:01.495,120900,BLEPnP @900939,20380,D28C0100,1015.86
01/04/2025 08:35:01.525,120930,BLEPnP @900939,20385,D48C0100,1015.88
01/04/2025 08:35:01.585,120989,BLEPnP @900939,20390,D98C0100,1015.93
01/04/2025 08:35:01.645,121049,BLEPnP @900939,20395,D88C0100,1015.92
01/04/2025 08:35:01.675,121079,BLEPnP @900939,20400,D68C0100,1015.9
01/04/2025 08:35:01.735,121139,BLEPnP @900939,20405,D08C0100,1015.84
01/04/2025 08:35:01.795,121199,BLEPnP @900939,20410,CF8C0100,1015.83
01/04/2025 08:35:01.825,121229,BLEPnP @900939,20415,D28C0100,1015.86
01/04/2025 08:35:01.885,121289,BLEPnP @900939,20420,D28C0100,1015.86
01/04/2025 08:35:01.945,121349,BLEPnP @900939,20425,D38C0100,1015.87
01/04/2025 08:35:01.975,121379,BLEPnP @900939,20430,D08C0100,1015.84
01/04/2025 08:35:02.035,121439,BLEPnP @900939,20435,CD8C0100,1015.81
01/04/2025 08:35:02.095,121500,BLEPnP @900939,20440,D08C0100,1015.84
01/04/2025 08:35:02.125,121530,BLEPnP @900939,20445,D38C0100,1015.87
01/04/2025 08:35:02.185,121589,BLEPnP @900939,20450,D08C0100,1015.84
01/04/2025 08:35:02.245,121650,BLEPnP @900939,20455,D08C0100,1015.84
01/04/2025 08:35:02.275,121679,BLEPnP @900939,20460,D58C0100,1015.89
01/04/2025 08:35:02.365,121769,BLEPnP @900939,20465,D48C0100,1015.88
01/04/2025 08:35:02.395,121799,BLEPnP @900939,20470,D18C0100,1015.85
01/04/2025 08:35:02.425,121829,BLEPnP @900939,20475,D58C0100,1015.89
01/04/2025 08:35:02.485,121889,BLEPnP @900939,20480,D68C0100,1015.9
01/04/2025 08:35:02.545,121949,BLEPnP @900939,20485,D28C0100,1015.86
01/04/2025 08:35:02.575,121980,BLEPnP @900939,20490,D28C0100,1015.86
01/04/2025 08:35:02.635,122039,BLEPnP @900939,20495,D38C0100,1015.87
01/04/2025 08:35:02.695,122100,BLEPnP @900939,20500,D48C0100,1015.88
01/04/2025 08:35:02.725,122129,BLEPnP @900939,20505,D38C0100,1015.87
01/04/2025 08:35:02.785,122189,BLEPnP @900939,20510,CF8C0100,1015.83
01/04/2025 08:35:02.845,122250,BLEPnP @900939,20515,D58C0100,1015.89
01/04/2025 08:35:02.875,122280,BLEPnP @900939,20520,D58C0100,1015.89
01/04/2025 08:35:02.935,122339,BLEPnP @900939,20525,D68C0100,1015.9
01/04/2025 08:35:02.995,122400,BLEPnP @900939,20530,D38C0100,1015.87
01/04/2025 08:35:03.025,122429,BLEPnP @900939,20535,D78C0100,1015.91
01/04/2025 08:35:03.085,122489,BLEPnP @900939,20540,D78C0100,1015.91
01/04/2025 08:35:03.145,122549,BLEPnP @900939,20545,D58C0100,1015.89
01/04/2025 08:35:03.175,122579,BLEPnP @900939,20550,D38C0100,1015.87
01/04/2025 08:35:03.235,122640,BLEPnP @900939,20555,D28C0100,1015.86
01/04/2025 08:35:03.295,122699,BLEPnP @900939,20560,D28C0100,1015.86
01/04/2025 08:35:03.325,122729,BLEPnP @900939,20565,D38C0100,1015.87
01/04/2025 08:35:03.385,122789,BLEPnP @900939,20570,D28C0100,1015.86
01/04/2025 08:35:03.445,122850,BLEPnP @900939,20575,D78C0100,1015.91
01/04/2025 08:35:03.475,122879,BLEPnP @900939,20580,D68C0100,1015.9
01/04/2025 08:35:03.536,122940,BLEPnP @900939,20585,CD8C0100,1015.81
01/04/2025 08:35:03.595,122999,BLEPnP @900939,20590,D08C0100,1015.84
01/04/2025 08:35:03.625,123030,BLEPnP @900939,20595,D78C0100,1015.91
01/04/2025 08:35:03.685,123090,BLEPnP @900939,20600,D38C0100,1015.87
01/04/2025 08:35:03.745,123150,BLEPnP @900939,20605,D18C0100,1015.85
01/04/2025 08:35:03.775,123180,BLEPnP @900939,20610,D38C0100,1015.87
01/04/2025 08:35:03.835,123240,BLEPnP @900939,20615,D18C0100,1015.85
01/04/2025 08:35:03.895,123299,BLEPnP @900939,20620,D38C0100,1015.87
01/04/2025 08:35:03.925,123329,BLEPnP @900939,20625,D18C0100,1015.85
01/04/2025 08:35:03.985,123389,BLEPnP @900939,20630,D38C0100,1015.87
01/04/2025 08:35:04.045,123449,BLEPnP @900939,20635,D58C0100,1015.89
01/04/2025 08:35:04.075,123479,BLEPnP @900939,20640,D28C0100,1015.86
01/04/2025 08:35:04.135,123540,BLEPnP @900939,20645,D38C0100,1015.87
01/04/2025 08:35:04.195,123600,BLEPnP @900939,20650,D58C0100,1015.89
01/04/2025 08:35:04.225,123630,BLEPnP @900939,20655,D48C0100,1015.88
01/04/2025 08:35:04.285,123690,BLEPnP @900939,20660,D68C0100,1015.9
01/04/2025 08:35:04.345,123750,BLEPnP @900939,20665,D48C0100,1015.88
01/04/2025 08:35:04.375,123780,BLEPnP @900939,20670,D28C0100,1015.86
01/04/2025 08:35:04.435,123840,BLEPnP @900939,20675,D08C0100,1015.84
01/04/2025 08:35:04.495,123900,BLEPnP @900939,20680,D68C0100,1015.9
01/04/2025 08:35:04.525,123930,BLEPnP @900939,20685,D68C0100,1015.9
01/04/2025 08:35:04.585,123989,BLEPnP @900939,20690,D48C0100,1015.88
01/04/2025 08:35:04.645,124049,BLEPnP @900939,20695,D28C0100,1015.86
01/04/2025 08:35:04.675,124079,BLEPnP @900939,20700,CE8C0100,1015.82
01/04/2025 08:35:04.735,124140,BLEPnP @900939,20705,CC8C0100,1015.8
01/04/2025 08:35:04.795,124199,BLEPnP @900939,20710,D08C0100,1015.84
01/04/2025 08:35:04.825,124229,BLEPnP @900939,20715,D38C0100,1015.87
01/04/2025 08:35:04.885,124290,BLEPnP @900939,20720,D28C0100,1015.86
01/04/2025 08:35:04.945,124350,BLEPnP @900939,20725,D78C0100,1015.91
01/04/2025 08:35:04.975,124379,BLEPnP @900939,20730,D68C0100,1015.9
01/04/2025 08:35:05.035,124440,BLEPnP @900939,20735,D18C0100,1015.85
01/04/2025 08:35:05.095,124500,BLEPnP @900939,20740,D48C0100,1015.88
01/04/2025 08:35:05.126,124530,BLEPnP @900939,20745,D68C0100,1015.9
01/04/2025 08:35:05.185,124589,BLEPnP @900939,20750,D68C0100,1015.9
01/04/2025 08:35:05.245,124649,BLEPnP @900939,20755,D68C0100,1015.9
01/04/2025 08:35:05.275,124679,BLEPnP @900939,20760,D68C0100,1015.9
01/04/2025 08:35:05.335,124740,BLEPnP @900939,20765,D48C0100,1015.88
01/04/2025 08:35:05.395,124800,BLEPnP @900939,20770,D48C0100,1015.88
01/04/2025 08:35:05.425,124829,BLEPnP @900939,20775,CE8C0100,1015.82
01/04/2025 08:35:05.485,124889,BLEPnP @900939,20780,D38C0100,1015.87
01/04/2025 08:35:05.545,124949,BLEPnP @900939,20785,D78C0100,1015.91
01/04/2025 08:35:05.575,124979,BLEPnP @900939,20790,D08C0100,1015.84
01/04/2025 08:35:05.635,125039,BLEPnP @900939,20795,D48C0100,1015.88
01/04/2025 08:35:05.695,125099,BLEPnP @900939,20800,D68C0100,1015.9
01/04/2025 08:35:05.725,125129,BLEPnP @900939,20805,D78C0100,1015.91
01/04/2025 08:35:05.785,125189,BLEPnP @900939,20810,D78C0100,1015.91
01/04/2025 08:35:05.845,125249,BLEPnP @900939,20815,D58C0100,1015.89
01/04/2025 08:35:05.875,125280,BLEPnP @900939,20820,D58C0100,1015.89
01/04/2025 08:35:05.935,125339,BLEPnP @900939,20825,D78C0100,1015.91
01/04/2025 08:35:05.995,125399,BLEPnP @900939,20830,D58C0100,1015.89
01/04/2025 08:35:06.025,125429,BLEPnP @900939,20835,CF8C0100,1015.83
01/04/2025 08:35:06.085,125489,BLEPnP @900939,20840,D68C0100,1015.9
01/04/2025 08:35:06.145,125550,BLEPnP @900939,20845,D58C0100,1015.89
01/04/2025 08:35:06.175,125579,BLEPnP @900939,20850,D08C0100,1015.84
01/04/2025 08:35:06.235,125640,BLEPnP @900939,20855,CE8C0100,1015.82
01/04/2025 08:35:06.295,125699,BLEPnP @900939,20860,CD8C0100,1015.81
01/04/2025 08:35:06.325,125729,BLEPnP @900939,20865,D58C0100,1015.89
01/04/2025 08:35:06.385,125789,BLEPnP @900939,20870,D68C0100,1015.9
01/04/2025 08:35:06.445,125850,BLEPnP @900939,20875,D48C0100,1015.88
01/04/2025 08:35:06.475,125880,BLEPnP @900939,20880,D38C0100,1015.87
01/04/2025 08:35:06.535,125939,BLEPnP @900939,20885,D68C0100,1015.9
01/04/2025 08:35:06.595,125999,BLEPnP @900939,20890,CF8C0100,1015.83
01/04/2025 08:35:06.625,126030,BLEPnP @900939,20895,D28C0100,1015.86
01/04/2025 08:35:06.685,126089,BLEPnP @900939,20900,D58C0100,1015.89
01/04/2025 08:35:06.745,126149,BLEPnP @900939,20905,D98C0100,1015.93
01/04/2025 08:35:06.775,126180,BLEPnP @900939,20910,D58C0100,1015.89
01/04/2025 08:35:06.835,126240,BLEPnP @900939,20915,D58C0100,1015.89
01/04/2025 08:35:06.895,126299,BLEPnP @900939,20920,D38C0100,1015.87
01/04/2025 08:35:06.925,126329,BLEPnP @900939,20925,D48C0100,1015.88
01/04/2025 08:35:06.985,126389,BLEPnP @900939,20930,D18C0100,1015.85
01/04/2025 08:35:07.045,126449,BLEPnP @900939,20935,D28C0100,1015.86
01/04/2025 08:35:07.075,126479,BLEPnP @900939,20940,D28C0100,1015.86
01/04/2025 08:35:07.135,126539,BLEPnP @900939,20945,D48C0100,1015.88
01/04/2025 08:35:07.195,126599,BLEPnP @900939,20950,D48C0100,1015.88
01/04/2025 08:35:07.225,126629,BLEPnP @900939,20955,D68C0100,1015.9
01/04/2025 08:35:07.285,126689,BLEPnP @900939,20960,D68C0100,1015.9
01/04/2025 08:35:07.345,126749,BLEPnP @900939,20965,D28C0100,1015.86
01/04/2025 08:35:07.375,126780,BLEPnP @900939,20970,D18C0100,1015.85
01/04/2025 08:35:07.435,126839,BLEPnP @900939,20975,D28C0100,1015.86
01/04/2025 08:35:07.495,126899,BLEPnP @900939,20980,D58C0100,1015.89
01/04/2025 08:35:07.525,126930,BLEPnP @900939,20985,D38C0100,1015.87
01/04/2025 08:35:07.585,126989,BLEPnP @900939,20990,D78C0100,1015.91
01/04/2025 08:35:07.645,127049,BLEPnP @900939,20995,D78C0100,1015.91
01/04/2025 08:35:07.675,127079,BLEPnP @900939,21000,D38C0100,1015.87
01/04/2025 08:35:07.735,127139,BLEPnP @900939,21005,CF8C0100,1015.83
01/04/2025 08:35:07.795,127199,BLEPnP @900939,21010,D18C0100,1015.85
01/04/2025 08:35:07.825,127230,BLEPnP @900939,21015,D38C0100,1015.87
01/04/2025 08:35:07.885,127289,BLEPnP @900939,21020,D48C0100,1015.88
01/04/2025 08:35:07.945,127349,BLEPnP @900939,21025,D78C0100,1015.91
01/04/2025 08:35:07.975,127379,BLEPnP @900939,21030,D48C0100,1015.88
01/04/2025 08:35:08.035,127439,BLEPnP @900939,21035,CE8C0100,1015.82
01/04/2025 08:35:08.095,127499,BLEPnP @900939,21040,D18C0100,1015.85
01/04/2025 08:35:08.125,127529,BLEPnP @900939,21045,D48C0100,1015.88
01/04/2025 08:35:08.185,127589,BLEPnP @900939,21050,D38C0100,1015.87
01/04/2025 08:35:08.245,127649,BLEPnP @900939,21055,D68C0100,1015.9
01/04/2025 08:35:08.275,127680,BLEPnP @900939,21060,D38C0100,1015.87
01/04/2025 08:35:08.335,127740,BLEPnP @900939,21065,D78C0100,1015.91
01/04/2025 08:35:08.395,127800,BLEPnP @900939,21070,D98C0100,1015.93
01/04/2025 08:35:08.425,127829,BLEPnP @900939,21075,D78C0100,1015.91
01/04/2025 08:35:08.485,127889,BLEPnP @900939,21080,D78C0100,1015.91
01/04/2025 08:35:08.545,127949,BLEPnP @900939,21085,D38C0100,1015.87
01/04/2025 08:35:08.575,127980,BLEPnP @900939,21090,D28C0100,1015.86
01/04/2025 08:35:08.635,128040,BLEPnP @900939,21095,D98C0100,1015.93
01/04/2025 08:35:08.695,128099,BLEPnP @900939,21100,D88C0100,1015.92
01/04/2025 08:35:08.725,128129,BLEPnP @900939,21105,D18C0100,1015.85
01/04/2025 08:35:08.785,128189,BLEPnP @900939,21110,D48C0100,1015.88
01/04/2025 08:35:08.845,128249,BLEPnP @900939,21115,D48C0100,1015.88
01/04/2025 08:35:08.875,128279,BLEPnP @900939,21120,D58C0100,1015.89
01/04/2025 08:35:08.935,128339,BLEPnP @900939,21125,D18C0100,1015.85
01/04/2025 08:35:08.995,128399,BLEPnP @900939,21130,D38C0100,1015.87
01/04/2025 08:35:09.025,128429,BLEPnP @900939,21135,D68C0100,1015.9
01/04/2025 08:35:09.085,128489,BLEPnP @900939,21140,D08C0100,1015.84
01/04/2025 08:35:09.145,128549,BLEPnP @900939,21145,D28C0100,1015.86
01/04/2025 08:35:09.175,128579,BLEPnP @900939,21150,D68C0100,1015.9
01/04/2025 08:35:09.235,128639,BLEPnP @900939,21155,CF8C0100,1015.83
01/04/2025 08:35:09.295,128700,BLEPnP @900939,21160,D78C0100,1015.91
01/04/2025 08:35:09.325,128729,BLEPnP @900939,21165,D88C0100,1015.92
01/04/2025 08:35:09.385,128789,BLEPnP @900939,21170,D58C0100,1015.89
01/04/2025 08:35:09.445,128849,BLEPnP @900939,21175,D88C0100,1015.92
01/04/2025 08:35:09.475,128880,BLEPnP @900939,21180,DA8C0100,1015.94
01/04/2025 08:35:09.535,128940,BLEPnP @900939,21185,DA8C0100,1015.94
01/04/2025 08:35:09.595,128999,BLEPnP @900939,21190,D28C0100,1015.86
01/04/2025 08:35:09.625,129029,BLEPnP @900939,21195,CF8C0100,1015.83
01/04/2025 08:35:09.685,129089,BLEPnP @900939,21200,D68C0100,1015.9
01/04/2025 08:35:09.745,129149,BLEPnP @900939,21205,D58C0100,1015.89
01/04/2025 08:35:09.775,129180,BLEPnP @900939,21210,D38C0100,1015.87
01/04/2025 08:35:09.835,129240,BLEPnP @900939,21215,D78C0100,1015.91
01/04/2025 08:35:09.895,129300,BLEPnP @900939,21220,D98C0100,1015.93
01/04/2025 08:35:09.925,129329,BLEPnP @900939,21225,D58C0100,1015.89
01/04/2025 08:35:09.985,129389,BLEPnP @900939,21230,D58C0100,1015.89
01/04/2025 08:35:10.045,129449,BLEPnP @900939,21235,D78C0100,1015.91
01/04/2025 08:35:10.075,129479,BLEPnP @900939,21240,D48C0100,1015.88
01/04/2025 08:35:10.165,129570,BLEPnP @900939,21245,D58C0100,1015.89
01/04/2025 08:35:10.195,129599,BLEPnP @900939,21250,D88C0100,1015.92
01/04/2025 08:35:10.225,129629,BLEPnP @900939,21255,D58C0100,1015.89
01/04/2025 08:35:10.286,129690,BLEPnP @900939,21260,D18C0100,1015.85
01/04/2025 08:35:10.345,129749,BLEPnP @900939,21265,D48C0100,1015.88
01/04/2025 08:35:10.375,129780,BLEPnP @900939,21270,D88C0100,1015.92
01/04/2025 08:35:10.435,129839,BLEPnP @900939,21275,DA8C0100,1015.94
01/04/2025 08:35:10.495,129899,BLEPnP @900939,21280,D88C0100,1015.92
01/04/2025 08:35:10.525,129930,BLEPnP @900939,21285,D48C0100,1015.88
01/04/2025 08:35:10.585,129989,BLEPnP @900939,21290,D48C0100,1015.88
01/04/2025 08:35:10.645,130049,BLEPnP @900939,21295,CF8C0100,1015.83
01/04/2025 08:35:10.675,130079,BLEPnP @900939,21300,D38C0100,1015.87
01/04/2025 08:35:10.765,130169,BLEPnP @900939,21305,DB8C0100,1015.95
01/04/2025 08:35:10.795,130200,BLEPnP @900939,21310,D58C0100,1015.89
01/04/2025 08:35:10.825,130229,BLEPnP @900939,21315,D68C0100,1015.9
01/04/2025 08:35:10.885,130289,BLEPnP @900939,21320,D98C0100,1015.93
01/04/2025 08:35:10.945,130349,BLEPnP @900939,21325,D48C0100,1015.88
01/04/2025 08:35:10.975,130379,BLEPnP @900939,21330,CF8C0100,1015.83
01/04/2025 08:35:11.065,130469,BLEPnP @900939,21335,CF8C0100,1015.83
01/04/2025 08:35:11.095,130499,BLEPnP @900939,21340,D28C0100,1015.86
01/04/2025 08:35:11.125,130529,BLEPnP @900939,21345,D18C0100,1015.85
01/04/2025 08:35:11.185,130589,BLEPnP @900939,21350,D08C0100,1015.84
01/04/2025 08:35:11.245,130649,BLEPnP @900939,21355,D78C0100,1015.91
01/04/2025 08:35:11.275,130680,BLEPnP @900939,21360,D38C0100,1015.87
01/04/2025 08:35:11.335,130739,BLEPnP @900939,21365,CF8C0100,1015.83
01/04/2025 08:35:11.395,130800,BLEPnP @900939,21370,CF8C0100,1015.83
01/04/2025 08:35:11.425,130829,BLEPnP @900939,21375,D48C0100,1015.88
01/04/2025 08:35:11.485,130889,BLEPnP @900939,21380,D28C0100,1015.86
01/04/2025 08:35:11.545,130949,BLEPnP @900939,21385,D28C0100,1015.86
01/04/2025 08:35:11.575,130979,BLEPnP @900939,21390,D38C0100,1015.87
01/04/2025 08:35:11.635,131039,BLEPnP @900939,21395,D68C0100,1015.9
01/04/2025 08:35:11.695,131099,BLEPnP @900939,21400,D78C0100,1015.91
01/04/2025 08:35:11.725,131129,BLEPnP @900939,21405,D48C0100,1015.88
01/04/2025 08:35:11.815,131219,BLEPnP @900939,21410,D28C0100,1015.86
01/04/2025 08:35:11.845,131249,BLEPnP @900939,21415,D48C0100,1015.88
01/04/2025 08:35:11.875,131279,BLEPnP @900939,21420,D68C0100,1015.9
01/04/2025 08:35:11.935,131339,BLEPnP @900939,21425,D48C0100,1015.88
01/04/2025 08:35:11.995,131399,BLEPnP @900939,21430,D18C0100,1015.85
01/04/2025 08:35:12.025,131429,BLEPnP @900939,21435,D28C0100,1015.86
01/04/2025 08:35:12.085,131489,BLEPnP @900939,21440,D68C0100,1015.9
01/04/2025 08:35:12.145,131549,BLEPnP @900939,21445,D58C0100,1015.89
01/04/2025 08:35:12.175,131579,BLEPnP @900939,21450,D48C0100,1015.88
01/04/2025 08:35:12.235,131639,BLEPnP @900939,21455,D68C0100,1015.9
01/04/2025 08:35:12.295,131699,BLEPnP @900939,21460,D98C0100,1015.93
01/04/2025 08:35:12.325,131729,BLEPnP @900939,21465,D68C0100,1015.9
01/04/2025 08:35:12.385,131789,BLEPnP @900939,21470,D48C0100,1015.88
01/04/2025 08:35:12.445,131849,BLEPnP @900939,21475,D38C0100,1015.87
01/04/2025 08:35:12.475,131879,BLEPnP @900939,21480,D68C0100,1015.9
01/04/2025 08:35:12.535,131939,BLEPnP @900939,21485,D38C0100,1015.87
01/04/2025 08:35:12.595,131999,BLEPnP @900939,21490,D48C0100,1015.88
01/04/2025 08:35:12.625,132029,BLEPnP @900939,21495,D58C0100,1015.89
01/04/2025 08:35:12.685,132089,BLEPnP @900939,21500,D58C0100,1015.89
01/04/2025 08:35:12.745,132149,BLEPnP @900939,21505,CF8C0100,1015.83
01/04/2025 08:35:12.775,132179,BLEPnP @900939,21510,D18C0100,1015.85
01/04/2025 08:35:12.835,132240,BLEPnP @900939,21515,D58C0100,1015.89
01/04/2025 08:35:12.895,132299,BLEPnP @900939,21520,D58C0100,1015.89
01/04/2025 08:35:12.925,132329,BLEPnP @900939,21525,D68C0100,1015.9
01/04/2025 08:35:13.015,132419,BLEPnP @900939,21530,D68C0100,1015.9
01/04/2025 08:35:13.045,132449,BLEPnP @900939,21535,D48C0100,1015.88
01/04/2025 08:35:13.075,132479,BLEPnP @900939,21540,D88C0100,1015.92
01/04/2025 08:35:13.135,132539,BLEPnP @900939,21545,D68C0100,1015.9
01/04/2025 08:35:13.195,132599,BLEPnP @900939,21550,CF8C0100,1015.83
01/04/2025 08:35:13.225,132629,BLEPnP @900939,21555,D58C0100,1015.89
01/04/2025 08:35:13.285,132689,BLEPnP @900939,21560,D48C0100,1015.88
01/04/2025 08:35:13.345,132749,BLEPnP @900939,21565,D28C0100,1015.86
01/04/2025 08:35:13.375,132779,BLEPnP @900939,21570,D78C0100,1015.91
01/04/2025 08:35:13.435,132839,BLEPnP @900939,21575,D78C0100,1015.91
01/04/2025 08:35:13.495,132899,BLEPnP @900939,21580,D48C0100,1015.88
01/04/2025 08:35:13.525,132929,BLEPnP @900939,21585,D88C0100,1015.92
01/04/2025 08:35:13.585,132989,BLEPnP @900939,21590,D38C0100,1015.87
01/04/2025 08:35:13.645,133049,BLEPnP @900939,21595,D28C0100,1015.86
01/04/2025 08:35:13.675,133079,BLEPnP @900939,21600,D88C0100,1015.92
01/04/2025 08:35:13.735,133139,BLEPnP @900939,21605,D28C0100,1015.86
01/04/2025 08:35:13.795,133199,BLEPnP @900939,21610,D18C0100,1015.85
01/04/2025 08:35:13.825,133229,BLEPnP @900939,21615,D48C0100,1015.88
01/04/2025 08:35:13.885,133289,BLEPnP @900939,21620,D48C0100,1015.88
01/04/2025 08:35:13.945,133349,BLEPnP @900939,21625,D58C0100,1015.89
01/04/2025 08:35:13.975,133379,BLEPnP @900939,21630,D38C0100,1015.87
01/04/2025 08:35:14.035,133440,BLEPnP @900939,21635,D38C0100,1015.87
01/04/2025 08:35:14.095,133499,BLEPnP @900939,21640,D48C0100,1015.88
01/04/2025 08:35:14.125,133529,BLEPnP @900939,21645,D38C0100,1015.87
01/04/2025 08:35:14.185,133589,BLEPnP @900939,21650,D18C0100,1015.85
01/04/2025 08:35:14.245,133649,BLEPnP @900939,21655,D68C0100,1015.9
01/04/2025 08:35:14.275,133679,BLEPnP @900939,21660,D28C0100,1015.86
01/04/2025 08:35:14.335,133739,BLEPnP @900939,21665,D28C0100,1015.86
01/04/2025 08:35:14.395,133799,BLEPnP @900939,21670,D48C0100,1015.88
01/04/2025 08:35:14.425,133829,BLEPnP @900939,21675,D88C0100,1015.92
01/04/2025 08:35:14.485,133889,BLEPnP @900939,21680,D88C0100,1015.92
01/04/2025 08:35:14.545,133949,BLEPnP @900939,21685,D68C0100,1015.9
01/04/2025 08:35:14.575,133979,BLEPnP @900939,21690,D48C0100,1015.88
01/04/2025 08:35:14.635,134039,BLEPnP @900939,21695,D28C0100,1015.86
01/04/2025 08:35:14.695,134099,BLEPnP @900939,21700,D08C0100,1015.84
01/04/2025 08:35:14.725,134129,BLEPnP @900939,21705,D28C0100,1015.86
01/04/2025 08:35:14.785,134189,BLEPnP @900939,21710,D98C0100,1015.93
01/04/2025 08:35:14.845,134249,BLEPnP @900939,21715,DD8C0100,1015.97
01/04/2025 08:35:14.875,134279,BLEPnP @900939,21720,D88C0100,1015.92
01/04/2025 08:35:14.935,134339,BLEPnP @900939,21725,D48C0100,1015.88
01/04/2025 08:35:14.995,134399,BLEPnP @900939,21730,D78C0100,1015.91
01/04/2025 08:35:15.026,134430,BLEPnP @900939,21735,D48C0100,1015.88
01/04/2025 08:35:15.085,134489,BLEPnP @900939,21740,D18C0100,1015.85
01/04/2025 08:35:15.145,134549,BLEPnP @900939,21745,D38C0100,1015.87
01/04/2025 08:35:15.175,134579,BLEPnP @900939,21750,D38C0100,1015.87
01/04/2025 08:35:15.235,134639,BLEPnP @900939,21755,D18C0100,1015.85
01/04/2025 08:35:15.295,134699,BLEPnP @900939,21760,D68C0100,1015.9
01/04/2025 08:35:15.325,134729,BLEPnP @900939,21765,D68C0100,1015.9
01/04/2025 08:35:15.385,134789,BLEPnP @900939,21770,D18C0100,1015.85
01/04/2025 08:35:15.445,134849,BLEPnP @900939,21775,D58C0100,1015.89
01/04/2025 08:35:15.475,134879,BLEPnP @900939,21780,D58C0100,1015.89
01/04/2025 08:35:15.535,134939,BLEPnP @900939,21785,D38C0100,1015.87
01/04/2025 08:35:15.595,135000,BLEPnP @900939,21790,CF8C0100,1015.83
01/04/2025 08:35:15.625,135029,BLEPnP @900939,21795,D18C0100,1015.85
01/04/2025 08:35:15.685,135089,BLEPnP @900939,21800,D08C0100,1015.84
01/04/2025 08:35:15.745,135149,BLEPnP @900939,21805,D18C0100,1015.85
01/04/2025 08:35:15.775,135180,BLEPnP @900939,21810,D48C0100,1015.88
01/04/2025 08:35:15.835,135239,BLEPnP @900939,21815,D38C0100,1015.87
01/04/2025 08:35:15.895,135299,BLEPnP @900939,21820,CE8C0100,1015.82
01/04/2025 08:35:15.925,135329,BLEPnP @900939,21825,D68C0100,1015.9
01/04/2025 08:35:15.985,135389,BLEPnP @900939,21830,D28C0100,1015.86
01/04/2025 08:35:16.045,135449,BLEPnP @900939,21835,D48C0100,1015.88
01/04/2025 08:35:16.075,135479,BLEPnP @900939,21840,DA8C0100,1015.94
01/04/2025 08:35:16.135,135539,BLEPnP @900939,21845,D78C0100,1015.91
01/04/2025 08:35:16.195,135599,BLEPnP @900939,21850,D68C0100,1015.9
01/04/2025 08:35:16.225,135629,BLEPnP @900939,21855,D78C0100,1015.91
01/04/2025 08:35:16.285,135689,BLEPnP @900939,21860,D68C0100,1015.9
01/04/2025 08:35:16.345,135750,BLEPnP @900939,21865,D68C0100,1015.9
01/04/2025 08:35:16.375,135779,BLEPnP @900939,21870,D38C0100,1015.87
01/04/2025 08:35:16.435,135839,BLEPnP @900939,21875,D48C0100,1015.88
01/04/2025 08:35:16.495,135900,BLEPnP @900939,21880,D08C0100,1015.84
01/04/2025 08:35:16.525,135930,BLEPnP @900939,21885,D08C0100,1015.84
01/04/2025 08:35:16.585,135989,BLEPnP @900939,21890,D48C0100,1015.88
01/04/2025 08:35:16.645,136049,BLEPnP @900939,21895,D18C0100,1015.85
01/04/2025 08:35:16.675,136079,BLEPnP @900939,21900,D88C0100,1015.92
01/04/2025 08:35:16.735,136140,BLEPnP @900939,21905,D68C0100,1015.9
01/04/2025 08:35:16.795,136200,BLEPnP @900939,21910,D68C0100,1015.9
01/04/2025 08:35:16.825,136229,BLEPnP @900939,21915,D48C0100,1015.88
01/04/2025 08:35:16.915,136319,BLEPnP @900939,21920,D28C0100,1015.86
01/04/2025 08:35:16.945,136349,BLEPnP @900939,21925,D48C0100,1015.88
01/04/2025 08:35:16.975,136379,BLEPnP @900939,21930,D38C0100,1015.87
01/04/2025 08:35:17.035,136439,BLEPnP @900939,21935,D18C0100,1015.85
01/04/2025 08:35:17.095,136499,BLEPnP @900939,21940,D48C0100,1015.88
01/04/2025 08:35:17.125,136529,BLEPnP @900939,21945,D58C0100,1015.89
01/04/2025 08:35:17.185,136589,BLEPnP @900939,21950,D68C0100,1015.9
01/04/2025 08:35:17.245,136649,BLEPnP @900939,21955,D18C0100,1015.85
01/04/2025 08:35:17.275,136679,BLEPnP @900939,21960,CF8C0100,1015.83
01/04/2025 08:35:17.335,136739,BLEPnP @900939,21965,D28C0100,1015.86
01/04/2025 08:35:17.395,136799,BLEPnP @900939,21970,D58C0100,1015.89
01/04/2025 08:35:17.425,136829,BLEPnP @900939,21975,D38C0100,1015.87
01/04/2025 08:35:17.485,136889,BLEPnP @900939,21980,D48C0100,1015.88
01/04/2025 08:35:17.545,136949,BLEPnP @900939,21985,D18C0100,1015.85
01/04/2025 08:35:17.575,136979,BLEPnP @900939,21990,D08C0100,1015.84
01/04/2025 08:35:17.635,137039,BLEPnP @900939,21995,D88C0100,1015.92
01/04/2025 08:35:17.695,137099,BLEPnP @900939,22000,D98C0100,1015.93
01/04/2025 08:35:17.725,137129,BLEPnP @900939,22005,DA8C0100,1015.94
01/04/2025 08:35:17.785,137189,BLEPnP @900939,22010,D88C0100,1015.92
01/04/2025 08:35:17.845,137250,BLEPnP @900939,22015,D78C0100,1015.91
01/04/2025 08:35:17.875,137279,BLEPnP @900939,22020,D38C0100,1015.87
01/04/2025 08:35:17.935,137339,BLEPnP @900939,22025,D28C0100,1015.86
01/04/2025 08:35:17.995,137399,BLEPnP @900939,22030,D88C0100,1015.92
01/04/2025 08:35:18.025,137429,BLEPnP @900939,22035,D58C0100,1015.89
01/04/2025 08:35:18.085,137489,BLEPnP @900939,22040,D18C0100,1015.85
01/04/2025 08:35:18.145,137549,BLEPnP @900939,22045,D68C0100,1015.9
01/04/2025 08:35:18.175,137579,BLEPnP @900939,22050,D78C0100,1015.91
01/04/2025 08:35:18.235,137640,BLEPnP @900939,22055,D58C0100,1015.89
01/04/2025 08:35:18.295,137699,BLEPnP @900939,22060,D48C0100,1015.88
01/04/2025 08:35:18.325,137729,BLEPnP @900939,22065,D78C0100,1015.91
01/04/2025 08:35:18.385,137789,BLEPnP @900939,22070,D58C0100,1015.89
01/04/2025 08:35:18.445,137849,BLEPnP @900939,22075,D38C0100,1015.87
01/04/2025 08:35:18.475,137879,BLEPnP @900939,22080,D48C0100,1015.88
01/04/2025 08:35:18.535,137939,BLEPnP @900939,22085,D88C0100,1015.92
01/04/2025 08:35:18.595,138000,BLEPnP @900939,22090,D88C0100,1015.92
01/04/2025 08:35:18.625,138029,BLEPnP @900939,22095,D78C0100,1015.91
01/04/2025 08:35:18.685,138089,BLEPnP @900939,22100,D78C0100,1015.91
01/04/2025 08:35:18.745,138149,BLEPnP @900939,22105,D58C0100,1015.89
01/04/2025 08:35:18.775,138179,BLEPnP @900939,22110,D18C0100,1015.85
01/04/2025 08:35:18.835,138239,BLEPnP @900939,22115,D38C0100,1015.87
01/04/2025 08:35:18.895,138300,BLEPnP @900939,22120,D38C0100,1015.87
01/04/2025 08:35:18.925,138329,BLEPnP @900939,22125,D58C0100,1015.89
01/04/2025 08:35:18.985,138389,BLEPnP @900939,22130,D68C0100,1015.9
01/04/2025 08:35:19.045,138449,BLEPnP @900939,22135,D38C0100,1015.87
01/04/2025 08:35:19.075,138479,BLEPnP @900939,22140,D58C0100,1015.89
01/04/2025 08:35:19.135,138539,BLEPnP @900939,22145,D58C0100,1015.89
01/04/2025 08:35:19.195,138599,BLEPnP @900939,22150,D38C0100,1015.87
01/04/2025 08:35:19.225,138629,BLEPnP @900939,22155,D38C0100,1015.87
01/04/2025 08:35:19.285,138689,BLEPnP @900939,22160,D48C0100,1015.88
01/04/2025 08:35:19.345,138749,BLEPnP @900939,22165,D58C0100,1015.89
01/04/2025 08:35:19.375,138779,BLEPnP @900939,22170,D48C0100,1015.88
01/04/2025 08:35:19.435,138840,BLEPnP @900939,22175,D58C0100,1015.89
01/04/2025 08:35:19.495,138899,BLEPnP @900939,22180,D58C0100,1015.89
01/04/2025 08:35:19.525,138929,BLEPnP @900939,22185,D48C0100,1015.88
01/04/2025 08:35:19.585,138989,BLEPnP @900939,22190,D48C0100,1015.88
01/04/2025 08:35:19.645,139049,BLEPnP @900939,22195,D28C0100,1015.86
01/04/2025 08:35:19.675,139079,BLEPnP @900939,22200,D48C0100,1015.88
01/04/2025 08:35:19.735,139139,BLEPnP @900939,22205,D38C0100,1015.87
01/04/2025 08:35:19.795,139199,BLEPnP @900939,22210,D48C0100,1015.88
01/04/2025 08:35:19.825,139229,BLEPnP @900939,22215,D98C0100,1015.93
01/04/2025 08:35:19.885,139289,BLEPnP @900939,22220,D78C0100,1015.91
01/04/2025 08:35:19.945,139349,BLEPnP @900939,22225,D78C0100,1015.91
01/04/2025 08:35:19.975,139379,BLEPnP @900939,22230,D58C0100,1015.89
01/04/2025 08:35:20.035,139439,BLEPnP @900939,22235,D38C0100,1015.87
01/04/2025 08:35:20.095,139499,BLEPnP @900939,22240,D28C0100,1015.86
01/04/2025 08:35:20.125,139529,BLEPnP @900939,22245,D78C0100,1015.91
01/04/2025 08:35:20.185,139589,BLEPnP @900939,22250,D58C0100,1015.89
01/04/2025 08:35:20.245,139649,BLEPnP @900939,22255,D48C0100,1015.88
01/04/2025 08:35:20.275,139679,BLEPnP @900939,22260,D38C0100,1015.87
01/04/2025 08:35:20.335,139739,BLEPnP @900939,22265,D38C0100,1015.87
01/04/2025 08:35:20.395,139800,BLEPnP @900939,22270,D98C0100,1015.93
01/04/2025 08:35:20.425,139829,BLEPnP @900939,22275,D88C0100,1015.92
01/04/2025 08:35:20.485,139889,BLEPnP @900939,22280,D78C0100,1015.91
01/04/2025 08:35:20.545,139950,BLEPnP @900939,22285,D58C0100,1015.89
01/04/2025 08:35:20.575,139979,BLEPnP @900939,22290,D58C0100,1015.89
01/04/2025 08:35:20.635,140039,BLEPnP @900939,22295,D78C0100,1015.91
01/04/2025 08:35:20.755,140159,BLEPnP @900939,22300,D78C0100,1015.91
01/04/2025 08:35:20.756,140159,BLEPnP @900939,22305,D48C0100,1015.88
01/04/2025 08:35:20.785,140189,BLEPnP @900939,22310,D38C0100,1015.87
01/04/2025 08:35:20.845,140249,BLEPnP @900939,22315,D38C0100,1015.87
01/04/2025 08:35:20.875,140279,BLEPnP @900939,22320,D98C0100,1015.93
01/04/2025 08:35:20.935,140339,BLEPnP @900939,22325,DB8C0100,1015.95
01/04/2025 08:35:20.995,140399,BLEPnP @900939,22330,D58C0100,1015.89
01/04/2025 08:35:21.025,140429,BLEPnP @900939,22335,D48C0100,1015.88
01/04/2025 08:35:21.085,140490,BLEPnP @900939,22340,D78C0100,1015.91
01/04/2025 08:35:21.145,140549,BLEPnP @900939,22345,D28C0100,1015.86
01/04/2025 08:35:21.175,140579,BLEPnP @900939,22350,CF8C0100,1015.83
01/04/2025 08:35:21.235,140639,BLEPnP @900939,22355,D58C0100,1015.89
01/04/2025 08:35:21.295,140700,BLEPnP @900939,22360,D78C0100,1015.91
01/04/2025 08:35:21.325,140729,BLEPnP @900939,22365,D18C0100,1015.85
01/04/2025 08:35:21.385,140789,BLEPnP @900939,22370,D18C0100,1015.85
01/04/2025 08:35:21.445,140849,BLEPnP @900939,22375,D08C0100,1015.84
01/04/2025 08:35:21.475,140879,BLEPnP @900939,22380,D28C0100,1015.86
01/04/2025 08:35:21.535,140939,BLEPnP @900939,22385,D38C0100,1015.87
01/04/2025 08:35:21.595,140999,BLEPnP @900939,22390,D28C0100,1015.86
01/04/2025 08:35:21.625,141029,BLEPnP @900939,22395,D28C0100,1015.86
01/04/2025 08:35:21.715,141119,BLEPnP @900939,22400,D68C0100,1015.9
01/04/2025 08:35:21.745,141149,BLEPnP @900939,22405,D98C0100,1015.93
01/04/2025 08:35:21.775,141179,BLEPnP @900939,22410,D48C0100,1015.88
01/04/2025 08:35:21.835,141239,BLEPnP @900939,22415,D18C0100,1015.85
01/04/2025 08:35:21.895,141299,BLEPnP @900939,22420,D68C0100,1015.9
01/04/2025 08:35:21.925,141329,BLEPnP @900939,22425,D78C0100,1015.91
01/04/2025 08:35:21.985,141389,BLEPnP @900939,22430,D38C0100,1015.87
01/04/2025 08:35:22.045,141449,BLEPnP @900939,22435,D58C0100,1015.89
01/04/2025 08:35:22.075,141479,BLEPnP @900939,22440,D58C0100,1015.89
01/04/2025 08:35:22.135,141539,BLEPnP @900939,22445,D78C0100,1015.91
01/04/2025 08:35:22.195,141599,BLEPnP @900939,22450,D68C0100,1015.9
01/04/2025 08:35:22.225,141629,BLEPnP @900939,22455,D08C0100,1015.84
01/04/2025 08:35:22.285,141689,BLEPnP @900939,22460,D38C0100,1015.87
01/04/2025 08:35:22.345,141749,BLEPnP @900939,22465,D38C0100,1015.87
01/04/2025 08:35:22.375,141779,BLEPnP @900939,22470,D58C0100,1015.89
01/04/2025 08:35:22.435,141839,BLEPnP @900939,22475,D58C0100,1015.89
01/04/2025 08:35:22.495,141899,BLEPnP @900939,22480,D68C0100,1015.9
01/04/2025 08:35:22.525,141929,BLEPnP @900939,22485,D18C0100,1015.85
01/04/2025 08:35:22.585,141989,BLEPnP @900939,22490,D48C0100,1015.88
01/04/2025 08:35:22.645,142049,BLEPnP @900939,22495,D38C0100,1015.87
01/04/2025 08:35:22.675,142079,BLEPnP @900939,22500,D58C0100,1015.89
01/04/2025 08:35:22.735,142140,BLEPnP @900939,22505,D58C0100,1015.89
01/04/2025 08:35:22.795,142199,BLEPnP @900939,22510,D28C0100,1015.86
01/04/2025 08:35:22.825,142229,BLEPnP @900939,22515,CF8C0100,1015.83
01/04/2025 08:35:22.885,142289,BLEPnP @900939,22520,D38C0100,1015.87
01/04/2025 08:35:22.945,142349,BLEPnP @900939,22525,D48C0100,1015.88
01/04/2025 08:35:22.975,142379,BLEPnP @900939,22530,D78C0100,1015.91
01/04/2025 08:35:23.035,142439,BLEPnP @900939,22535,D88C0100,1015.92
01/04/2025 08:35:23.095,142499,BLEPnP @900939,22540,CE8C0100,1015.82
01/04/2025 08:35:23.125,142529,BLEPnP @900939,22545,D08C0100,1015.84
01/04/2025 08:35:23.185,142589,BLEPnP @900939,22550,D38C0100,1015.87
01/04/2025 08:35:23.245,142649,BLEPnP @900939,22555,D78C0100,1015.91
01/04/2025 08:35:23.275,142679,BLEPnP @900939,22560,D48C0100,1015.88
01/04/2025 08:35:23.335,142739,BLEPnP @900939,22565,D68C0100,1015.9
01/04/2025 08:35:23.395,142799,BLEPnP @900939,22570,D78C0100,1015.91
01/04/2025 08:35:23.425,142829,BLEPnP @900939,22575,D58C0100,1015.89
01/04/2025 08:35:23.485,142889,BLEPnP @900939,22580,CE8C0100,1015.82
01/04/2025 08:35:23.575,142979,BLEPnP @900939,22585,CF8C0100,1015.83
01/04/2025 08:35:23.578,142981,BLEPnP @900939,22590,D48C0100,1015.88
01/04/2025 08:35:23.635,143039,BLEPnP @900939,22595,D28C0100,1015.86
01/04/2025 08:35:23.695,143100,BLEPnP @900939,22600,D28C0100,1015.86
01/04/2025 08:35:23.725,143129,BLEPnP @900939,22605,D08C0100,1015.84
01/04/2025 08:35:23.785,143189,BLEPnP @900939,22610,CE8C0100,1015.82
01/04/2025 08:35:23.845,143249,BLEPnP @900939,22615,D38C0100,1015.87
01/04/2025 08:35:23.875,143279,BLEPnP @900939,22620,D58C0100,1015.89
01/04/2025 08:35:23.935,143339,BLEPnP @900939,22625,D68C0100,1015.9
01/04/2025 08:35:23.995,143399,BLEPnP @900939,22630,D58C0100,1015.89
01/04/2025 08:35:24.025,143429,BLEPnP @900939,22635,D58C0100,1015.89
01/04/2025 08:35:24.085,143489,BLEPnP @900939,22640,D58C0100,1015.89
01/04/2025 08:35:24.145,143549,BLEPnP @900939,22645,D58C0100,1015.89
01/04/2025 08:35:24.175,143579,BLEPnP @900939,22650,D88C0100,1015.92
01/04/2025 08:35:24.235,143639,BLEPnP @900939,22655,D68C0100,1015.9
01/04/2025 08:35:24.295,143699,BLEPnP @900939,22660,D48C0100,1015.88
01/04/2025 08:35:24.325,143729,BLEPnP @900939,22665,D78C0100,1015.91
01/04/2025 08:35:24.385,143789,BLEPnP @900939,22670,D48C0100,1015.88
01/04/2025 08:35:24.445,143849,BLEPnP @900939,22675,D58C0100,1015.89
01/04/2025 08:35:24.475,143879,BLEPnP @900939,22680,D48C0100,1015.88
01/04/2025 08:35:24.535,143939,BLEPnP @900939,22685,D08C0100,1015.84
01/04/2025 08:35:24.595,143999,BLEPnP @900939,22690,D58C0100,1015.89
01/04/2025 08:35:24.625,144029,BLEPnP @900939,22695,D28C0100,1015.86
01/04/2025 08:35:24.685,144089,BLEPnP @900939,22700,D18C0100,1015.85
01/04/2025 08:35:24.745,144149,BLEPnP @900939,22705,D68C0100,1015.9
01/04/2025 08:35:24.775,144179,BLEPnP @900939,22710,D68C0100,1015.9
01/04/2025 08:35:24.835,144239,BLEPnP @900939,22715,D08C0100,1015.84
01/04/2025 08:35:24.895,144300,BLEPnP @900939,22720,CF8C0100,1015.83
01/04/2025 08:35:24.925,144329,BLEPnP @900939,22725,D28C0100,1015.86
01/04/2025 08:35:24.985,144389,BLEPnP @900939,22730,D68C0100,1015.9
01/04/2025 08:35:25.045,144449,BLEPnP @900939,22735,D18C0100,1015.85
01/04/2025 08:35:25.075,144479,BLEPnP @900939,22740,D08C0100,1015.84
01/04/2025 08:35:25.135,144539,BLEPnP @900939,22745,D38C0100,1015.87
01/04/2025 08:35:25.195,144600,BLEPnP @900939,22750,D78C0100,1015.91
01/04/2025 08:35:25.225,144629,BLEPnP @900939,22755,D98C0100,1015.93
01/04/2025 08:35:25.285,144689,BLEPnP @900939,22760,D98C0100,1015.93
01/04/2025 08:35:25.345,144749,BLEPnP @900939,22765,D88C0100,1015.92
01/04/2025 08:35:25.375,144779,BLEPnP @900939,22770,D78C0100,1015.91
01/04/2025 08:35:25.435,144839,BLEPnP @900939,22775,DB8C0100,1015.95
01/04/2025 08:35:25.495,144899,BLEPnP @900939,22780,DA8C0100,1015.94
01/04/2025 08:35:25.525,144929,BLEPnP @900939,22785,D58C0100,1015.89
01/04/2025 08:35:25.585,144989,BLEPnP @900939,22790,D28C0100,1015.86
01/04/2025 08:35:25.645,145050,BLEPnP @900939,22795,CD8C0100,1015.81
01/04/2025 08:35:25.675,145079,BLEPnP @900939,22800,D48C0100,1015.88
01/04/2025 08:35:25.735,145139,BLEPnP @900939,22805,D58C0100,1015.89
01/04/2025 08:35:25.795,145200,BLEPnP @900939,22810,CF8C0100,1015.83
01/04/2025 08:35:25.825,145229,BLEPnP @900939,22815,D58C0100,1015.89
01/04/2025 08:35:25.885,145289,BLEPnP @900939,22820,D68C0100,1015.9
01/04/2025 08:35:25.945,145349,BLEPnP @900939,22825,D18C0100,1015.85
01/04/2025 08:35:25.975,145379,BLEPnP @900939,22830,D28C0100,1015.86
01/04/2025 08:35:26.035,145439,BLEPnP @900939,22835,D38C0100,1015.87
01/04/2025 08:35:26.095,145499,BLEPnP @900939,22840,D78C0100,1015.91
01/04/2025 08:35:26.125,145529,BLEPnP @900939,22845,D88C0100,1015.92
01/04/2025 08:35:26.185,145589,BLEPnP @900939,22850,D68C0100,1015.9
01/04/2025 08:35:26.245,145649,BLEPnP @900939,22855,D68C0100,1015.9
01/04/2025 08:35:26.275,145679,BLEPnP @900939,22860,D68C0100,1015.9
01/04/2025 08:35:26.334,145738,BLEPnP @900939,22865,DB8C0100,1015.95
01/04/2025 08:35:26.395,145799,BLEPnP @900939,22870,D88C0100,1015.92
01/04/2025 08:35:26.425,145829,BLEPnP @900939,22875,D38C0100,1015.87
01/04/2025 08:35:26.485,145889,BLEPnP @900939,22880,D48C0100,1015.88
01/04/2025 08:35:26.545,145949,BLEPnP @900939,22885,D48C0100,1015.88
01/04/2025 08:35:26.575,145979,BLEPnP @900939,22890,D78C0100,1015.91
01/04/2025 08:35:26.635,146039,BLEPnP @900939,22895,D88C0100,1015.92
01/04/2025 08:35:26.695,146099,BLEPnP @900939,22900,D78C0100,1015.91
01/04/2025 08:35:26.725,146129,BLEPnP @900939,22905,D28C0100,1015.86
01/04/2025 08:35:26.785,146189,BLEPnP @900939,22910,D48C0100,1015.88
01/04/2025 08:35:26.845,146249,BLEPnP @900939,22915,D48C0100,1015.88
01/04/2025 08:35:26.875,146279,BLEPnP @900939,22920,D18C0100,1015.85
01/04/2025 08:35:26.935,146339,BLEPnP @900939,22925,D58C0100,1015.89
01/04/2025 08:35:26.995,146399,BLEPnP @900939,22930,D68C0100,1015.9
01/04/2025 08:35:27.025,146429,BLEPnP @900939,22935,D78C0100,1015.91
01/04/2025 08:35:27.085,146489,BLEPnP @900939,22940,D38C0100,1015.87
01/04/2025 08:35:27.145,146549,BLEPnP @900939,22945,D28C0100,1015.86
01/04/2025 08:35:27.175,146579,BLEPnP @900939,22950,D58C0100,1015.89
01/04/2025 08:35:27.235,146639,BLEPnP @900939,22955,D18C0100,1015.85
01/04/2025 08:35:27.295,146699,BLEPnP @900939,22960,D58C0100,1015.89
01/04/2025 08:35:27.325,146729,BLEPnP @900939,22965,D58C0100,1015.89
01/04/2025 08:35:27.385,146788,BLEPnP @900939,22970,D68C0100,1015.9
01/04/2025 08:35:27.445,146849,BLEPnP @900939,22975,D98C0100,1015.93
01/04/2025 08:35:27.475,146879,BLEPnP @900939,22980,D88C0100,1015.92
01/04/2025 08:35:27.535,146939,BLEPnP @900939,22985,DA8C0100,1015.94
01/04/2025 08:35:27.595,146999,BLEPnP @900939,22990,D78C0100,1015.91
01/04/2025 08:35:27.655,147060,BLEPnP @900939,22995,D78C0100,1015.91
01/04/2025 08:35:27.685,147089,BLEPnP @900939,23000,D98C0100,1015.93
01/04/2025 08:35:27.745,147149,BLEPnP @900939,23005,D78C0100,1015.91
01/04/2025 08:35:27.775,147179,BLEPnP @900939,23010,D78C0100,1015.91
01/04/2025 08:35:27.835,147239,BLEPnP @900939,23015,DA8C0100,1015.94
01/04/2025 08:35:27.895,147299,BLEPnP @900939,23020,DB8C0100,1015.95
01/04/2025 08:35:27.925,147329,BLEPnP @900939,23025,D68C0100,1015.9
01/04/2025 08:35:27.985,147389,BLEPnP @900939,23030,D88C0100,1015.92
01/04/2025 08:35:28.045,147449,BLEPnP @900939,23035,D58C0100,1015.89
01/04/2025 08:35:28.075,147479,BLEPnP @900939,23040,D68C0100,1015.9
01/04/2025 08:35:28.165,147569,BLEPnP @900939,23045,D78C0100,1015.91
01/04/2025 08:35:28.195,147599,BLEPnP @900939,23050,D58C0100,1015.89
01/04/2025 08:35:28.225,147629,BLEPnP @900939,23055,D48C0100,1015.88
01/04/2025 08:35:28.315,147719,BLEPnP @900939,23060,D38C0100,1015.87
01/04/2025 08:35:28.375,147779,BLEPnP @900939,23065,D48C0100,1015.88
01/04/2025 08:35:28.378,147782,BLEPnP @900939,23070,D78C0100,1015.91
01/04/2025 08:35:28.435,147839,BLEPnP @900939,23075,D78C0100,1015.91
01/04/2025 08:35:28.495,147899,BLEPnP @900939,23080,D58C0100,1015.89
01/04/2025 08:35:28.525,147929,BLEPnP @900939,23085,D08C0100,1015.84
01/04/2025 08:35:28.585,147989,BLEPnP @900939,23090,D38C0100,1015.87
01/04/2025 08:35:28.645,148049,BLEPnP @900939,23095,D78C0100,1015.91
01/04/2025 08:35:28.675,148079,BLEPnP @900939,23100,D48C0100,1015.88
01/04/2025 08:35:28.735,148139,BLEPnP @900939,23105,D58C0100,1015.89
01/04/2025 08:35:28.795,148199,BLEPnP @900939,23110,D68C0100,1015.9
01/04/2025 08:35:28.825,148229,BLEPnP @900939,23115,D78C0100,1015.91
01/04/2025 08:35:28.885,148289,BLEPnP @900939,23120,D88C0100,1015.92
01/04/2025 08:35:28.945,148349,BLEPnP @900939,23125,D78C0100,1015.91
01/04/2025 08:35:28.975,148379,BLEPnP @900939,23130,D08C0100,1015.84
01/04/2025 08:35:29.035,148439,BLEPnP @900939,23135,D18C0100,1015.85
01/04/2025 08:35:29.095,148499,BLEPnP @900939,23140,D68C0100,1015.9
01/04/2025 08:35:29.125,148529,BLEPnP @900939,23145,D48C0100,1015.88
01/04/2025 08:35:29.185,148589,BLEPnP @900939,23150,D18C0100,1015.85
01/04/2025 08:35:29.245,148649,BLEPnP @900939,23155,DA8C0100,1015.94
01/04/2025 08:35:29.275,148679,BLEPnP @900939,23160,D78C0100,1015.91
01/04/2025 08:35:29.335,148739,BLEPnP @900939,23165,D38C0100,1015.87
01/04/2025 08:35:29.425,148829,BLEPnP @900939,23170,D28C0100,1015.86
01/04/2025 08:35:29.426,148830,BLEPnP @900939,23175,D38C0100,1015.87
01/04/2025 08:35:29.485,148889,BLEPnP @900939,23180,D58C0100,1015.89
01/04/2025 08:35:29.545,148950,BLEPnP @900939,23185,D48C0100,1015.88
01/04/2025 08:35:29.575,148979,BLEPnP @900939,23190,D68C0100,1015.9
01/04/2025 08:35:29.635,149039,BLEPnP @900939,23195,D68C0100,1015.9
01/04/2025 08:35:29.695,149099,BLEPnP @900939,23200,D78C0100,1015.91
01/04/2025 08:35:29.725,149129,BLEPnP @900939,23205,D98C0100,1015.93
01/04/2025 08:35:29.785,149189,BLEPnP @900939,23210,D38C0100,1015.87
01/04/2025 08:35:29.845,149249,BLEPnP @900939,23215,D18C0100,1015.85
01/04/2025 08:35:29.875,149279,BLEPnP @900939,23220,D28C0100,1015.86
01/04/2025 08:35:29.935,149339,BLEPnP @900939,23225,D98C0100,1015.93
01/04/2025 08:35:29.995,149399,BLEPnP @900939,23230,D78C0100,1015.91
01/04/2025 08:35:30.025,149429,BLEPnP @900939,23235,D48C0100,1015.88
01/04/2025 08:35:30.115,149519,BLEPnP @900939,23240,D48C0100,1015.88
01/04/2025 08:35:30.174,149578,BLEPnP @900939,23245,D48C0100,1015.88
01/04/2025 08:35:30.175,149579,BLEPnP @900939,23250,D78C0100,1015.91
01/04/2025 08:35:30.235,149639,BLEPnP @900939,23255,D68C0100,1015.9
01/04/2025 08:35:30.295,149699,BLEPnP @900939,23260,D38C0100,1015.87
01/04/2025 08:35:30.325,149729,BLEPnP @900939,23265,D38C0100,1015.87
01/04/2025 08:35:30.385,149789,BLEPnP @900939,23270,D28C0100,1015.86
01/04/2025 08:35:30.445,149849,BLEPnP @900939,23275,D78C0100,1015.91
01/04/2025 08:35:30.475,149879,BLEPnP @900939,23280,D48C0100,1015.88
01/04/2025 08:35:30.535,149939,BLEPnP @900939,23285,D68C0100,1015.9
01/04/2025 08:35:30.595,149999,BLEPnP @900939,23290,D68C0100,1015.9
01/04/2025 08:35:30.625,150029,BLEPnP @900939,23295,D68C0100,1015.9
01/04/2025 08:35:30.684,150088,BLEPnP @900939,23300,D78C0100,1015.91
01/04/2025 08:35:30.745,150149,BLEPnP @900939,23305,D68C0100,1015.9
01/04/2025 08:35:30.775,150179,BLEPnP @900939,23310,D48C0100,1015.88
01/04/2025 08:35:30.835,150239,BLEPnP @900939,23315,D28C0100,1015.86
01/04/2025 08:35:30.895,150299,BLEPnP @900939,23320,D38C0100,1015.87
01/04/2025 08:35:30.925,150330,BLEPnP @900939,23325,D58C0100,1015.89
01/04/2025 08:35:30.985,150389,BLEPnP @900939,23330,D08C0100,1015.84
01/04/2025 08:35:31.045,150449,BLEPnP @900939,23335,CE8C0100,1015.82
01/04/2025 08:35:31.075,150479,BLEPnP @900939,23340,CE8C0100,1015.82
01/04/2025 08:35:31.135,150539,BLEPnP @900939,23345,D38C0100,1015.87
01/04/2025 08:35:31.195,150599,BLEPnP @900939,23350,D38C0100,1015.87
01/04/2025 08:35:31.255,150659,BLEPnP @900939,23355,CF8C0100,1015.83
01/04/2025 08:35:31.285,150689,BLEPnP @900939,23360,D88C0100,1015.92
01/04/2025 08:35:31.345,150749,BLEPnP @900939,23365,DB8C0100,1015.95
01/04/2025 08:35:31.375,150779,BLEPnP @900939,23370,D58C0100,1015.89
01/04/2025 08:35:31.435,150839,BLEPnP @900939,23375,D48C0100,1015.88
01/04/2025 08:35:31.495,150899,BLEPnP @900939,23380,D78C0100,1015.91
01/04/2025 08:35:31.525,150929,BLEPnP @900939,23385,D68C0100,1015.9
01/04/2025 08:35:31.585,150989,BLEPnP @900939,23390,D58C0100,1015.89
01/04/2025 08:35:31.645,151049,BLEPnP @900939,23395,D28C0100,1015.86
01/04/2025 08:35:31.675,151079,BLEPnP @900939,23400,D78C0100,1015.91
01/04/2025 08:35:31.735,151139,BLEPnP @900939,23405,D78C0100,1015.91
01/04/2025 08:35:31.795,151199,BLEPnP @900939,23410,D68C0100,1015.9
01/04/2025 08:35:31.825,151229,BLEPnP @900939,23415,D78C0100,1015.91
01/04/2025 08:35:31.885,151289,BLEPnP @900939,23420,D98C0100,1015.93
01/04/2025 08:35:31.945,151349,BLEPnP @900939,23425,DC8C0100,1015.96
01/04/2025 08:35:31.975,151379,BLEPnP @900939,23430,D98C0100,1015.93
01/04/2025 08:35:32.035,151439,BLEPnP @900939,23435,D68C0100,1015.9
01/04/2025 08:35:32.095,151499,BLEPnP @900939,23440,D38C0100,1015.87
01/04/2025 08:35:32.125,151530,BLEPnP @900939,23445,D28C0100,1015.86
01/04/2025 08:35:32.185,151589,BLEPnP @900939,23450,D38C0100,1015.87
01/04/2025 08:35:32.245,151649,BLEPnP @900939,23455,D38C0100,1015.87
01/04/2025 08:35:32.275,151679,BLEPnP @900939,23460,D18C0100,1015.85
01/04/2025 08:35:32.335,151739,BLEPnP @900939,23465,D08C0100,1015.84
01/04/2025 08:35:32.395,151799,BLEPnP @900939,23470,D48C0100,1015.88
01/04/2025 08:35:32.425,151829,BLEPnP @900939,23475,D68C0100,1015.9
01/04/2025 08:35:32.485,151889,BLEPnP @900939,23480,D48C0100,1015.88
01/04/2025 08:35:32.545,151949,BLEPnP @900939,23485,D48C0100,1015.88
01/04/2025 08:35:32.575,151979,BLEPnP @900939,23490,D48C0100,1015.88
01/04/2025 08:35:32.635,152039,BLEPnP @900939,23495,D38C0100,1015.87
01/04/2025 08:35:32.695,152099,BLEPnP @900939,23500,D48C0100,1015.88
01/04/2025 08:35:32.725,152129,BLEPnP @900939,23505,D58C0100,1015.89
01/04/2025 08:35:32.785,152189,BLEPnP @900939,23510,D48C0100,1015.88
01/04/2025 08:35:32.845,152249,BLEPnP @900939,23515,D68C0100,1015.9
01/04/2025 08:35:32.875,152279,BLEPnP @900939,23520,D28C0100,1015.86
01/04/2025 08:35:32.935,152339,BLEPnP @900939,23525,D18C0100,1015.85
01/04/2025 08:35:32.995,152399,BLEPnP @900939,23530,D18C0100,1015.85
01/04/2025 08:35:33.024,152428,BLEPnP @900939,23535,CE8C0100,1015.82
01/04/2025 08:35:33.085,152489,BLEPnP @900939,23540,D08C0100,1015.84
01/04/2025 08:35:33.145,152549,BLEPnP @900939,23545,D08C0100,1015.84
01/04/2025 08:35:33.174,152578,BLEPnP @900939,23550,D18C0100,1015.85
01/04/2025 08:35:33.235,152639,BLEPnP @900939,23555,D48C0100,1015.88
01/04/2025 08:35:33.295,152699,BLEPnP @900939,23560,D48C0100,1015.88
01/04/2025 08:35:33.325,152729,BLEPnP @900939,23565,D38C0100,1015.87
01/04/2025 08:35:33.385,152789,BLEPnP @900939,23570,D68C0100,1015.9
01/04/2025 08:35:33.445,152849,BLEPnP @900939,23575,D88C0100,1015.92
01/04/2025 08:35:33.475,152879,BLEPnP @900939,23580,D58C0100,1015.89
01/04/2025 08:35:33.535,152939,BLEPnP @900939,23585,D68C0100,1015.9
01/04/2025 08:35:33.625,153029,BLEPnP @900939,23590,D48C0100,1015.88
01/04/2025 08:35:33.626,153030,BLEPnP @900939,23595,D28C0100,1015.86
01/04/2025 08:35:33.715,153119,BLEPnP @900939,23600,D48C0100,1015.88
01/04/2025 08:35:33.745,153149,BLEPnP @900939,23605,D68C0100,1015.9
01/04/2025 08:35:33.775,153180,BLEPnP @900939,23610,D38C0100,1015.87
01/04/2025 08:35:33.835,153239,BLEPnP @900939,23615,D38C0100,1015.87
01/04/2025 08:35:33.895,153299,BLEPnP @900939,23620,D18C0100,1015.85
01/04/2025 08:35:33.925,153329,BLEPnP @900939,23625,D18C0100,1015.85
01/04/2025 08:35:33.985,153389,BLEPnP @900939,23630,D38C0100,1015.87
01/04/2025 08:35:34.045,153449,BLEPnP @900939,23635,D28C0100,1015.86
01/04/2025 08:35:34.075,153479,BLEPnP @900939,23640,D78C0100,1015.91
01/04/2025 08:35:34.135,153539,BLEPnP @900939,23645,D18C0100,1015.85
01/04/2025 08:35:34.225,153629,BLEPnP @900939,23650,D28C0100,1015.86
01/04/2025 08:35:34.226,153630,BLEPnP @900939,23655,D68C0100,1015.9
01/04/2025 08:35:34.285,153689,BLEPnP @900939,23660,D38C0100,1015.87
01/04/2025 08:35:34.345,153749,BLEPnP @900939,23665,D28C0100,1015.86
01/04/2025 08:35:34.375,153780,BLEPnP @900939,23670,D78C0100,1015.91
01/04/2025 08:35:34.435,153839,BLEPnP @900939,23675,D48C0100,1015.88
01/04/2025 08:35:34.495,153899,BLEPnP @900939,23680,D08C0100,1015.84
01/04/2025 08:35:34.525,153929,BLEPnP @900939,23685,D38C0100,1015.87
01/04/2025 08:35:34.585,153989,BLEPnP @900939,23690,D78C0100,1015.91
01/04/2025 08:35:34.645,154048,BLEPnP @900939,23695,D68C0100,1015.9
01/04/2025 08:35:34.675,154079,BLEPnP @900939,23700,D48C0100,1015.88
01/04/2025 08:35:34.735,154139,BLEPnP @900939,23705,D08C0100,1015.84
01/04/2025 08:35:34.795,154199,BLEPnP @900939,23710,CF8C0100,1015.83
01/04/2025 08:35:34.825,154229,BLEPnP @900939,23715,D48C0100,1015.88
01/04/2025 08:35:34.885,154289,BLEPnP @900939,23720,D78C0100,1015.91
01/04/2025 08:35:34.945,154349,BLEPnP @900939,23725,D78C0100,1015.91
01/04/2025 08:35:34.975,154379,BLEPnP @900939,23730,D58C0100,1015.89
01/04/2025 08:35:35.035,154439,BLEPnP @900939,23735,D18C0100,1015.85
01/04/2025 08:35:35.095,154499,BLEPnP @900939,23740,CB8C0100,1015.79
01/04/2025 08:35:35.125,154529,BLEPnP @900939,23745,D68C0100,1015.9
01/04/2025 08:35:35.184,154588,BLEPnP @900939,23750,D78C0100,1015.91
01/04/2025 08:35:35.244,154648,BLEPnP @900939,23755,D68C0100,1015.9
01/04/2025 08:35:35.274,154678,BLEPnP @900939,23760,D98C0100,1015.93
01/04/2025 08:35:35.335,154739,BLEPnP @900939,23765,DA8C0100,1015.94
01/04/2025 08:35:35.395,154799,BLEPnP @900939,23770,CC8C0100,1015.8
01/04/2025 08:35:35.425,154829,BLEPnP @900939,23775,D38C0100,1015.87
01/04/2025 08:35:35.485,154889,BLEPnP @900939,23780,D58C0100,1015.89
01/04/2025 08:35:35.545,154949,BLEPnP @900939,23785,D48C0100,1015.88
01/04/2025 08:35:35.575,154979,BLEPnP @900939,23790,D48C0100,1015.88
01/04/2025 08:35:35.635,155039,BLEPnP @900939,23795,D68C0100,1015.9
01/04/2025 08:35:35.695,155099,BLEPnP @900939,23800,D68C0100,1015.9
01/04/2025 08:35:35.725,155128,BLEPnP @900939,23805,D78C0100,1015.91
01/04/2025 08:35:35.785,155189,BLEPnP @900939,23810,DA8C0100,1015.94
01/04/2025 08:35:35.845,155249,BLEPnP @900939,23815,D88C0100,1015.92
01/04/2025 08:35:35.875,155279,BLEPnP @900939,23820,D28C0100,1015.86
01/04/2025 08:35:35.935,155339,BLEPnP @900939,23825,D78C0100,1015.91
01/04/2025 08:35:35.995,155399,BLEPnP @900939,23830,D68C0100,1015.9
01/04/2025 08:35:36.025,155429,BLEPnP @900939,23835,D48C0100,1015.88
01/04/2025 08:35:36.085,155489,BLEPnP @900939,23840,D18C0100,1015.85
01/04/2025 08:35:36.145,155549,BLEPnP @900939,23845,D48C0100,1015.88
01/04/2025 08:35:36.175,155579,BLEPnP @900939,23850,D68C0100,1015.9
01/04/2025 08:35:36.235,155639,BLEPnP @900939,23855,D38C0100,1015.87
01/04/2025 08:35:36.295,155699,BLEPnP @900939,23860,D48C0100,1015.88
01/04/2025 08:35:36.325,155729,BLEPnP @900939,23865,D78C0100,1015.91
01/04/2025 08:35:36.385,155789,BLEPnP @900939,23870,D28C0100,1015.86
01/04/2025 08:35:36.445,155849,BLEPnP @900939,23875,D48C0100,1015.88
01/04/2025 08:35:36.475,155879,BLEPnP @900939,23880,D58C0100,1015.89
01/04/2025 08:35:36.535,155939,BLEPnP @900939,23885,D48C0100,1015.88
01/04/2025 08:35:36.595,155999,BLEPnP @900939,23890,D38C0100,1015.87
01/04/2025 08:35:36.625,156029,BLEPnP @900939,23895,D18C0100,1015.85
01/04/2025 08:35:36.685,156089,BLEPnP @900939,23900,D38C0100,1015.87
01/04/2025 08:35:36.745,156149,BLEPnP @900939,23905,D48C0100,1015.88
01/04/2025 08:35:36.775,156179,BLEPnP @900939,23910,CF8C0100,1015.83
01/04/2025 08:35:36.835,156239,BLEPnP @900939,23915,CE8C0100,1015.82
01/04/2025 08:35:36.895,156299,BLEPnP @900939,23920,D28C0100,1015.86
01/04/2025 08:35:36.925,156329,BLEPnP @900939,23925,D78C0100,1015.91
01/04/2025 08:35:36.985,156389,BLEPnP @900939,23930,D78C0100,1015.91
01/04/2025 08:35:37.045,156449,BLEPnP @900939,23935,D48C0100,1015.88
01/04/2025 08:35:37.075,156479,BLEPnP @900939,23940,D98C0100,1015.93
01/04/2025 08:35:37.135,156539,BLEPnP @900939,23945,D58C0100,1015.89
01/04/2025 08:35:37.195,156599,BLEPnP @900939,23950,D08C0100,1015.84
01/04/2025 08:35:37.225,156629,BLEPnP @900939,23955,D58C0100,1015.89
01/04/2025 08:35:37.285,156689,BLEPnP @900939,23960,D68C0100,1015.9
01/04/2025 08:35:37.345,156749,BLEPnP @900939,23965,D98C0100,1015.93
01/04/2025 08:35:37.375,156779,BLEPnP @900939,23970,DA8C0100,1015.94
01/04/2025 08:35:37.435,156839,BLEPnP @900939,23975,DB8C0100,1015.95
01/04/2025 08:35:37.495,156899,BLEPnP @900939,23980,DA8C0100,1015.94
01/04/2025 08:35:37.525,156929,BLEPnP @900939,23985,D88C0100,1015.92
01/04/2025 08:35:37.585,156989,BLEPnP @900939,23990,D48C0100,1015.88
01/04/2025 08:35:37.645,157049,BLEPnP @900939,23995,D38C0100,1015.87
01/04/2025 08:35:37.675,157079,BLEPnP @900939,24000,D48C0100,1015.88
01/04/2025 08:35:37.735,157139,BLEPnP @900939,24005,D48C0100,1015.88
01/04/2025 08:35:37.795,157199,BLEPnP @900939,24010,D38C0100,1015.87
01/04/2025 08:35:37.825,157229,BLEPnP @900939,24015,DA8C0100,1015.94
01/04/2025 08:35:37.885,157289,BLEPnP @900939,24020,D98C0100,1015.93
01/04/2025 08:35:37.945,157349,BLEPnP @900939,24025,D48C0100,1015.88
01/04/2025 08:35:38.005,157409,BLEPnP @900939,24030,D28C0100,1015.86
01/04/2025 08:35:38.035,157439,BLEPnP @900939,24035,D18C0100,1015.85
01/04/2025 08:35:38.095,157499,BLEPnP @900939,24040,D58C0100,1015.89
01/04/2025 08:35:38.125,157529,BLEPnP @900939,24045,D08C0100,1015.84
01/04/2025 08:35:38.185,157589,BLEPnP @900939,24050,D08C0100,1015.84
01/04/2025 08:35:38.245,157649,BLEPnP @900939,24055,D28C0100,1015.86
01/04/2025 08:35:38.275,157679,BLEPnP @900939,24060,D58C0100,1015.89
01/04/2025 08:35:38.335,157739,BLEPnP @900939,24065,D48C0100,1015.88
01/04/2025 08:35:38.425,157829,BLEPnP @900939,24070,D88C0100,1015.92
01/04/2025 08:35:38.427,157831,BLEPnP @900939,24075,D88C0100,1015.92
01/04/2025 08:35:38.485,157889,BLEPnP @900939,24080,D58C0100,1015.89
01/04/2025 08:35:38.545,157949,BLEPnP @900939,24085,D58C0100,1015.89
01/04/2025 08:35:38.575,157979,BLEPnP @900939,24090,D38C0100,1015.87
01/04/2025 08:35:38.635,158039,BLEPnP @900939,24095,D28C0100,1015.86
01/04/2025 08:35:38.695,158099,BLEPnP @900939,24100,D68C0100,1015.9
01/04/2025 08:35:38.725,158129,BLEPnP @900939,24105,D98C0100,1015.93
01/04/2025 08:35:38.785,158189,BLEPnP @900939,24110,D68C0100,1015.9
01/04/2025 08:35:38.845,158249,BLEPnP @900939,24115,D28C0100,1015.86
01/04/2025 08:35:38.875,158279,BLEPnP @900939,24120,D78C0100,1015.91
01/04/2025 08:35:38.935,158339,BLEPnP @900939,24125,D98C0100,1015.93
01/04/2025 08:35:38.995,158399,BLEPnP @900939,24130,D78C0100,1015.91
01/04/2025 08:35:39.025,158429,BLEPnP @900939,24135,D48C0100,1015.88
01/04/2025 08:35:39.085,158489,BLEPnP @900939,24140,D38C0100,1015.87
01/04/2025 08:35:39.145,158549,BLEPnP @900939,24145,D08C0100,1015.84
01/04/2025 08:35:39.175,158579,BLEPnP @900939,24150,CE8C0100,1015.82
01/04/2025 08:35:39.235,158639,BLEPnP @900939,24155,D08C0100,1015.84
01/04/2025 08:35:39.295,158699,BLEPnP @900939,24160,D48C0100,1015.88
01/04/2025 08:35:39.325,158729,BLEPnP @900939,24165,DA8C0100,1015.94
01/04/2025 08:35:39.385,158789,BLEPnP @900939,24170,D98C0100,1015.93
01/04/2025 08:35:39.445,158849,BLEPnP @900939,24175,D58C0100,1015.89
01/04/2025 08:35:39.475,158879,BLEPnP @900939,24180,D48C0100,1015.88
01/04/2025 08:35:39.535,158939,BLEPnP @900939,24185,D58C0100,1015.89
01/04/2025 08:35:39.595,158999,BLEPnP @900939,24190,D68C0100,1015.9
01/04/2025 08:35:39.625,159029,BLEPnP @900939,24195,D48C0100,1015.88
01/04/2025 08:35:39.685,159089,BLEPnP @900939,24200,D48C0100,1015.88
01/04/2025 08:35:39.745,159149,BLEPnP @900939,24205,D58C0100,1015.89
01/04/2025 08:35:39.775,159179,BLEPnP @900939,24210,D98C0100,1015.93
01/04/2025 08:35:39.835,159239,BLEPnP @900939,24215,D88C0100,1015.92
01/04/2025 08:35:39.895,159299,BLEPnP @900939,24220,D38C0100,1015.87
01/04/2025 08:35:39.925,159329,BLEPnP @900939,24225,D38C0100,1015.87
01/04/2025 08:35:39.984,159388,BLEPnP @900939,24230,D38C0100,1015.87
01/04/2025 08:35:40.045,159449,BLEPnP @900939,24235,D38C0100,1015.87
01/04/2025 08:35:40.075,159479,BLEPnP @900939,24240,D38C0100,1015.87
01/04/2025 08:35:40.134,159538,BLEPnP @900939,24245,D78C0100,1015.91
01/04/2025 08:35:40.195,159599,BLEPnP @900939,24250,D78C0100,1015.91
01/04/2025 08:35:40.225,159629,BLEPnP @900939,24255,D88C0100,1015.92
01/04/2025 08:35:40.285,159689,BLEPnP @900939,24260,D68C0100,1015.9
01/04/2025 08:35:40.345,159749,BLEPnP @900939,24265,DA8C0100,1015.94
01/04/2025 08:35:40.375,159779,BLEPnP @900939,24270,D98C0100,1015.93
01/04/2025 08:35:40.435,159839,BLEPnP @900939,24275,D68C0100,1015.9
01/04/2025 08:35:40.495,159899,BLEPnP @900939,24280,D58C0100,1015.89
01/04/2025 08:35:40.525,159929,BLEPnP @900939,24285,D48C0100,1015.88
01/04/2025 08:35:40.585,159989,BLEPnP @900939,24290,D08C0100,1015.84
01/04/2025 08:35:40.645,160049,BLEPnP @900939,24295,D68C0100,1015.9
01/04/2025 08:35:40.675,160079,BLEPnP @900939,24300,DC8C0100,1015.96
01/04/2025 08:35:40.735,160139,BLEPnP @900939,24305,DA8C0100,1015.94
01/04/2025 08:35:40.795,160199,BLEPnP @900939,24310,D48C0100,1015.88
01/04/2025 08:35:40.825,160229,BLEPnP @900939,24315,D68C0100,1015.9
01/04/2025 08:35:40.885,160289,BLEPnP @900939,24320,D68C0100,1015.9
01/04/2025 08:35:40.945,160348,BLEPnP @900939,24325,D28C0100,1015.86
01/04/2025 08:35:40.975,160379,BLEPnP @900939,24330,D28C0100,1015.86
01/04/2025 08:35:41.035,160439,BLEPnP @900939,24335,D68C0100,1015.9
01/04/2025 08:35:41.095,160499,BLEPnP @900939,24340,D48C0100,1015.88
01/04/2025 08:35:41.125,160529,BLEPnP @900939,24345,D68C0100,1015.9
01/04/2025 08:35:41.185,160589,BLEPnP @900939,24350,D58C0100,1015.89
01/04/2025 08:35:41.245,160649,BLEPnP @900939,24355,D58C0100,1015.89
01/04/2025 08:35:41.275,160679,BLEPnP @900939,24360,D78C0100,1015.91
01/04/2025 08:35:41.335,160739,BLEPnP @900939,24365,D98C0100,1015.93
01/04/2025 08:35:41.395,160799,BLEPnP @900939,24370,D68C0100,1015.9
01/04/2025 08:35:41.425,160829,BLEPnP @900939,24375,CF8C0100,1015.83
01/04/2025 08:35:41.485,160889,BLEPnP @900939,24380,D38C0100,1015.87
01/04/2025 08:35:41.545,160949,BLEPnP @900939,24385,D38C0100,1015.87
01/04/2025 08:35:41.575,160979,BLEPnP @900939,24390,D48C0100,1015.88
01/04/2025 08:35:41.635,161039,BLEPnP @900939,24395,D78C0100,1015.91
01/04/2025 08:35:41.695,161099,BLEPnP @900939,24400,D68C0100,1015.9
01/04/2025 08:35:41.725,161129,BLEPnP @900939,24405,D58C0100,1015.89
01/04/2025 08:35:41.785,161189,BLEPnP @900939,24410,D78C0100,1015.91
01/04/2025 08:35:41.845,161249,BLEPnP @900939,24415,DB8C0100,1015.95
01/04/2025 08:35:41.905,161309,BLEPnP @900939,24420,DB8C0100,1015.95
01/04/2025 08:35:41.934,161338,BLEPnP @900939,24425,D88C0100,1015.92
01/04/2025 08:35:41.995,161399,BLEPnP @900939,24430,D38C0100,1015.87
01/04/2025 08:35:42.025,161429,BLEPnP @900939,24435,D28C0100,1015.86
01/04/2025 08:35:42.085,161489,BLEPnP @900939,24440,CF8C0100,1015.83
01/04/2025 08:35:42.145,161549,BLEPnP @900939,24445,CD8C0100,1015.81
01/04/2025 08:35:42.175,161579,BLEPnP @900939,24450,D28C0100,1015.86
01/04/2025 08:35:42.235,161639,BLEPnP @900939,24455,DA8C0100,1015.94
01/04/2025 08:35:42.295,161699,BLEPnP @900939,24460,D68C0100,1015.9
01/04/2025 08:35:42.325,161729,BLEPnP @900939,24465,D68C0100,1015.9
01/04/2025 08:35:42.384,161788,BLEPnP @900939,24470,D38C0100,1015.87
01/04/2025 08:35:42.445,161849,BLEPnP @900939,24475,D48C0100,1015.88
01/04/2025 08:35:42.474,161879,BLEPnP @900939,24480,D38C0100,1015.87
01/04/2025 08:35:42.535,161939,BLEPnP @900939,24485,D58C0100,1015.89
01/04/2025 08:35:42.595,161999,BLEPnP @900939,24490,D68C0100,1015.9
01/04/2025 08:35:42.625,162029,BLEPnP @900939,24495,D38C0100,1015.87
01/04/2025 08:35:42.685,162089,BLEPnP @900939,24500,D38C0100,1015.87
01/04/2025 08:35:42.745,162149,BLEPnP @900939,24505,D68C0100,1015.9
01/04/2025 08:35:42.775,162179,BLEPnP @900939,24510,D78C0100,1015.91
01/04/2025 08:35:42.835,162239,BLEPnP @900939,24515,D88C0100,1015.92
01/04/2025 08:35:42.895,162299,BLEPnP @900939,24520,D98C0100,1015.93
01/04/2025 08:35:42.925,162329,BLEPnP @900939,24525,D98C0100,1015.93
01/04/2025 08:35:42.985,162389,BLEPnP @900939,24530,D58C0100,1015.89
01/04/2025 08:35:43.045,162449,BLEPnP @900939,24535,D18C0100,1015.85
01/04/2025 08:35:43.075,162479,BLEPnP @900939,24540,D08C0100,1015.84
01/04/2025 08:35:43.135,162539,BLEPnP @900939,24545,D58C0100,1015.89
01/04/2025 08:35:43.195,162599,BLEPnP @900939,24550,D98C0100,1015.93
01/04/2025 08:35:43.225,162629,BLEPnP @900939,24555,D68C0100,1015.9
01/04/2025 08:35:43.285,162689,BLEPnP @900939,24560,D68C0100,1015.9
01/04/2025 08:35:43.345,162749,BLEPnP @900939,24565,D38C0100,1015.87
01/04/2025 08:35:43.375,162779,BLEPnP @900939,24570,D28C0100,1015.86
01/04/2025 08:35:43.435,162839,BLEPnP @900939,24575,D78C0100,1015.91
01/04/2025 08:35:43.524,162929,BLEPnP @900939,24580,D38C0100,1015.87
01/04/2025 08:35:43.527,162931,BLEPnP @900939,24585,D88C0100,1015.92
01/04/2025 08:35:43.585,162989,BLEPnP @900939,24590,D98C0100,1015.93
01/04/2025 08:35:43.675,163079,BLEPnP @900939,24600,D58C0100,1015.89
01/04/2025 08:35:43.674,163079,BLEPnP @900939,24595,D98C0100,1015.93
01/04/2025 08:35:43.735,163139,BLEPnP @900939,24605,D48C0100,1015.88
01/04/2025 08:35:43.795,163199,BLEPnP @900939,24610,D68C0100,1015.9
01/04/2025 08:35:43.825,163229,BLEPnP @900939,24615,D58C0100,1015.89
01/04/2025 08:35:43.885,163288,BLEPnP @900939,24620,CF8C0100,1015.83
01/04/2025 08:35:43.945,163349,BLEPnP @900939,24625,CE8C0100,1015.82
01/04/2025 08:35:43.975,163379,BLEPnP @900939,24630,D18C0100,1015.85
01/04/2025 08:35:44.035,163439,BLEPnP @900939,24635,D38C0100,1015.87
01/04/2025 08:35:44.095,163499,BLEPnP @900939,24640,D58C0100,1015.89
01/04/2025 08:35:44.125,163529,BLEPnP @900939,24645,D38C0100,1015.87
01/04/2025 08:35:44.185,163589,BLEPnP @900939,24650,D38C0100,1015.87
01/04/2025 08:35:44.245,163649,BLEPnP @900939,24655,D48C0100,1015.88
01/04/2025 08:35:44.275,163679,BLEPnP @900939,24660,CF8C0100,1015.83
01/04/2025 08:35:44.335,163739,BLEPnP @900939,24665,D18C0100,1015.85
01/04/2025 08:35:44.395,163799,BLEPnP @900939,24670,D98C0100,1015.93
01/04/2025 08:35:44.425,163829,BLEPnP @900939,24675,D58C0100,1015.89
01/04/2025 08:35:44.485,163889,BLEPnP @900939,24680,CE8C0100,1015.82
01/04/2025 08:35:44.545,163949,BLEPnP @900939,24685,D38C0100,1015.87
01/04/2025 08:35:44.575,163979,BLEPnP @900939,24690,D18C0100,1015.85
01/04/2025 08:35:44.635,164039,BLEPnP @900939,24695,D18C0100,1015.85
01/04/2025 08:35:44.695,164099,BLEPnP @900939,24700,D38C0100,1015.87
01/04/2025 08:35:44.725,164129,BLEPnP @900939,24705,D68C0100,1015.9
01/04/2025 08:35:44.785,164189,BLEPnP @900939,24710,D28C0100,1015.86
01/04/2025 08:35:44.845,164249,BLEPnP @900939,24715,D38C0100,1015.87
01/04/2025 08:35:44.875,164279,BLEPnP @900939,24720,D38C0100,1015.87
01/04/2025 08:35:44.935,164339,BLEPnP @900939,24725,D68C0100,1015.9
01/04/2025 08:35:44.995,164399,BLEPnP @900939,24730,CC8C0100,1015.8
01/04/2025 08:35:45.025,164429,BLEPnP @900939,24735,CF8C0100,1015.83
01/04/2025 08:35:45.085,164489,BLEPnP @900939,24740,D68C0100,1015.9
01/04/2025 08:35:45.145,164549,BLEPnP @900939,24745,D48C0100,1015.88
01/04/2025 08:35:45.175,164579,BLEPnP @900939,24750,CF8C0100,1015.83
01/04/2025 08:35:45.235,164639,BLEPnP @900939,24755,D68C0100,1015.9
01/04/2025 08:35:45.295,164699,BLEPnP @900939,24760,D68C0100,1015.9
01/04/2025 08:35:45.325,164729,BLEPnP @900939,24765,DC8C0100,1015.96
01/04/2025 08:35:45.385,164789,BLEPnP @900939,24770,D98C0100,1015.93
01/04/2025 08:35:45.445,164849,BLEPnP @900939,24775,D48C0100,1015.88
01/04/2025 08:35:45.475,164879,BLEPnP @900939,24780,D68C0100,1015.9
01/04/2025 08:35:45.535,164939,BLEPnP @900939,24785,D48C0100,1015.88
01/04/2025 08:35:45.595,164999,BLEPnP @900939,24790,D28C0100,1015.86
01/04/2025 08:35:45.625,165029,BLEPnP @900939,24795,D48C0100,1015.88
01/04/2025 08:35:45.685,165089,BLEPnP @900939,24800,D68C0100,1015.9
01/04/2025 08:35:45.745,165149,BLEPnP @900939,24805,D68C0100,1015.9
01/04/2025 08:35:45.774,165178,BLEPnP @900939,24810,D68C0100,1015.9
01/04/2025 08:35:45.835,165239,BLEPnP @900939,24815,D38C0100,1015.87
01/04/2025 08:35:45.895,165299,BLEPnP @900939,24820,D18C0100,1015.85
01/04/2025 08:35:45.925,165329,BLEPnP @900939,24825,D78C0100,1015.91
01/04/2025 08:35:45.985,165389,BLEPnP @900939,24830,D68C0100,1015.9
01/04/2025 08:35:46.045,165449,BLEPnP @900939,24835,D38C0100,1015.87
01/04/2025 08:35:46.075,165478,BLEPnP @900939,24840,D28C0100,1015.86
01/04/2025 08:35:46.135,165539,BLEPnP @900939,24845,D08C0100,1015.84
01/04/2025 08:35:46.194,165598,BLEPnP @900939,24850,D28C0100,1015.86
01/04/2025 08:35:46.225,165629,BLEPnP @900939,24855,D68C0100,1015.9
01/04/2025 08:35:46.285,165689,BLEPnP @900939,24860,D58C0100,1015.89
01/04/2025 08:35:46.345,165749,BLEPnP @900939,24865,D48C0100,1015.88
01/04/2025 08:35:46.375,165779,BLEPnP @900939,24870,D48C0100,1015.88
01/04/2025 08:35:46.435,165839,BLEPnP @900939,24875,D38C0100,1015.87
01/04/2025 08:35:46.495,165899,BLEPnP @900939,24880,D18C0100,1015.85
01/04/2025 08:35:46.525,165929,BLEPnP @900939,24885,D38C0100,1015.87
01/04/2025 08:35:46.585,165989,BLEPnP @900939,24890,D28C0100,1015.86
01/04/2025 08:35:46.645,166049,BLEPnP @900939,24895,D28C0100,1015.86
01/04/2025 08:35:46.675,166079,BLEPnP @900939,24900,D68C0100,1015.9
01/04/2025 08:35:46.735,166139,BLEPnP @900939,24905,D78C0100,1015.91
01/04/2025 08:35:46.795,166199,BLEPnP @900939,24910,D68C0100,1015.9
01/04/2025 08:35:46.825,166229,BLEPnP @900939,24915,D68C0100,1015.9
01/04/2025 08:35:46.884,166289,BLEPnP @900939,24920,D68C0100,1015.9
01/04/2025 08:35:46.945,166349,BLEPnP @900939,24925,D58C0100,1015.89
01/04/2025 08:35:46.975,166379,BLEPnP @900939,24930,D28C0100,1015.86
01/04/2025 08:35:47.035,166439,BLEPnP @900939,24935,D18C0100,1015.85
01/04/2025 08:35:47.095,166499,BLEPnP @900939,24940,D18C0100,1015.85
01/04/2025 08:35:47.125,166529,BLEPnP @900939,24945,D48C0100,1015.88
01/04/2025 08:35:47.185,166589,BLEPnP @900939,24950,D28C0100,1015.86
01/04/2025 08:35:47.245,166649,BLEPnP @900939,24955,D38C0100,1015.87
01/04/2025 08:35:47.275,166679,BLEPnP @900939,24960,D78C0100,1015.91
01/04/2025 08:35:47.335,166739,BLEPnP @900939,24965,D28C0100,1015.86
01/04/2025 08:35:47.424,166829,BLEPnP @900939,24970,D38C0100,1015.87
01/04/2025 08:35:47.427,166831,BLEPnP @900939,24975,D38C0100,1015.87
01/04/2025 08:35:47.485,166889,BLEPnP @900939,24980,D88C0100,1015.92
01/04/2025 08:35:47.545,166949,BLEPnP @900939,24985,D68C0100,1015.9
01/04/2025 08:35:47.575,166979,BLEPnP @900939,24990,D48C0100,1015.88
01/04/2025 08:35:47.635,167039,BLEPnP @900939,24995,D78C0100,1015.91
01/04/2025 08:35:47.695,167099,BLEPnP @900939,25000,D48C0100,1015.88
01/04/2025 08:35:47.725,167129,BLEPnP @900939,25005,D28C0100,1015.86
01/04/2025 08:35:47.785,167189,BLEPnP @900939,25010,D28C0100,1015.86
01/04/2025 08:35:47.845,167249,BLEPnP @900939,25015,D68C0100,1015.9
01/04/2025 08:35:47.875,167279,BLEPnP @900939,25020,D88C0100,1015.92
01/04/2025 08:35:47.935,167339,BLEPnP @900939,25025,D88C0100,1015.92
01/04/2025 08:35:47.995,167399,BLEPnP @900939,25030,D68C0100,1015.9
01/04/2025 08:35:48.025,167429,BLEPnP @900939,25035,D18C0100,1015.85
01/04/2025 08:35:48.085,167489,BLEPnP @900939,25040,D48C0100,1015.88
01/04/2025 08:35:48.145,167549,BLEPnP @900939,25045,D58C0100,1015.89
01/04/2025 08:35:48.175,167579,BLEPnP @900939,25050,D28C0100,1015.86
01/04/2025 08:35:48.235,167639,BLEPnP @900939,25055,D48C0100,1015.88
01/04/2025 08:35:48.295,167699,BLEPnP @900939,25060,DA8C0100,1015.94
01/04/2025 08:35:48.325,167729,BLEPnP @900939,25065,D28C0100,1015.86
01/04/2025 08:35:48.385,167789,BLEPnP @900939,25070,D48C0100,1015.88
01/04/2025 08:35:48.474,167879,BLEPnP @900939,25075,D08C0100,1015.84
01/04/2025 08:35:48.477,167881,BLEPnP @900939,25080,D18C0100,1015.85
01/04/2025 08:35:48.535,167939,BLEPnP @900939,25085,D68C0100,1015.9
01/04/2025 08:35:48.595,167999,BLEPnP @900939,25090,D48C0100,1015.88
01/04/2025 08:35:48.625,168029,BLEPnP @900939,25095,D38C0100,1015.87
01/04/2025 08:35:48.685,168089,BLEPnP @900939,25100,CE8C0100,1015.82
01/04/2025 08:35:48.745,168149,BLEPnP @900939,25105,D48C0100,1015.88
01/04/2025 08:35:48.775,168179,BLEPnP @900939,25110,D78C0100,1015.91
01/04/2025 08:35:48.835,168239,BLEPnP @900939,25115,D28C0100,1015.86
01/04/2025 08:35:48.895,168299,BLEPnP @900939,25120,D48C0100,1015.88
01/04/2025 08:35:48.925,168329,BLEPnP @900939,25125,D58C0100,1015.89
01/04/2025 08:35:48.985,168389,BLEPnP @900939,25130,D98C0100,1015.93
01/04/2025 08:35:49.045,168449,BLEPnP @900939,25135,D98C0100,1015.93
01/04/2025 08:35:49.075,168479,BLEPnP @900939,25140,D58C0100,1015.89
01/04/2025 08:35:49.165,168569,BLEPnP @900939,25145,D68C0100,1015.9
01/04/2025 08:35:49.195,168599,BLEPnP @900939,25150,D28C0100,1015.86
01/04/2025 08:35:49.225,168629,BLEPnP @900939,25155,CE8C0100,1015.82
01/04/2025 08:35:49.285,168689,BLEPnP @900939,25160,CD8C0100,1015.81
01/04/2025 08:35:49.345,168749,BLEPnP @900939,25165,D18C0100,1015.85
01/04/2025 08:35:49.375,168779,BLEPnP @900939,25170,D08C0100,1015.84
01/04/2025 08:35:49.435,168839,BLEPnP @900939,25175,D78C0100,1015.91
01/04/2025 08:35:49.495,168899,BLEPnP @900939,25180,D88C0100,1015.92
01/04/2025 08:35:49.525,168929,BLEPnP @900939,25185,D88C0100,1015.92
01/04/2025 08:35:49.585,168989,BLEPnP @900939,25190,D88C0100,1015.92
01/04/2025 08:35:49.644,169048,BLEPnP @900939,25195,D58C0100,1015.89
01/04/2025 08:35:49.675,169079,BLEPnP @900939,25200,D48C0100,1015.88
01/04/2025 08:35:49.735,169139,BLEPnP @900939,25205,D48C0100,1015.88
01/04/2025 08:35:49.795,169199,BLEPnP @900939,25210,D68C0100,1015.9
01/04/2025 08:35:49.825,169229,BLEPnP @900939,25215,D78C0100,1015.91
01/04/2025 08:35:49.885,169289,BLEPnP @900939,25220,D48C0100,1015.88
01/04/2025 08:35:49.945,169349,BLEPnP @900939,25225,D28C0100,1015.86
01/04/2025 08:35:49.975,169379,BLEPnP @900939,25230,D08C0100,1015.84
01/04/2025 08:35:50.035,169439,BLEPnP @900939,25235,CD8C0100,1015.81
01/04/2025 08:35:50.095,169499,BLEPnP @900939,25240,CF8C0100,1015.83
01/04/2025 08:35:50.125,169529,BLEPnP @900939,25245,D88C0100,1015.92
01/04/2025 08:35:50.185,169589,BLEPnP @900939,25250,D38C0100,1015.87
01/04/2025 08:35:50.245,169649,BLEPnP @900939,25255,D68C0100,1015.9
01/04/2025 08:35:50.274,169679,BLEPnP @900939,25260,D88C0100,1015.92
01/04/2025 08:35:50.335,169739,BLEPnP @900939,25265,D18C0100,1015.85
01/04/2025 08:35:50.395,169799,BLEPnP @900939,25270,D68C0100,1015.9
01/04/2025 08:35:50.425,169829,BLEPnP @900939,25275,D38C0100,1015.87
01/04/2025 08:35:50.485,169889,BLEPnP @900939,25280,D38C0100,1015.87
01/04/2025 08:35:50.544,169948,BLEPnP @900939,25285,D38C0100,1015.87
01/04/2025 08:35:50.574,169978,BLEPnP @900939,25290,D58C0100,1015.89
01/04/2025 08:35:50.635,170039,BLEPnP @900939,25295,D18C0100,1015.85
01/04/2025 08:35:50.695,170099,BLEPnP @900939,25300,D88C0100,1015.92
01/04/2025 08:35:50.725,170129,BLEPnP @900939,25305,D38C0100,1015.87
01/04/2025 08:35:50.785,170189,BLEPnP @900939,25310,D08C0100,1015.84
01/04/2025 08:35:50.845,170249,BLEPnP @900939,25315,D58C0100,1015.89
01/04/2025 08:35:50.875,170279,BLEPnP @900939,25320,D58C0100,1015.89
01/04/2025 08:35:50.935,170339,BLEPnP @900939,25325,D48C0100,1015.88
01/04/2025 08:35:50.995,170400,BLEPnP @900939,25330,D48C0100,1015.88
01/04/2025 08:35:51.059,170462,BLEPnP @900939,25335,D18C0100,1015.85
01/04/2025 08:35:51.085,170488,BLEPnP @900939,25340,D38C0100,1015.87
01/04/2025 08:35:51.145,170549,BLEPnP @900939,25345,D88C0100,1015.92
01/04/2025 08:35:51.175,170579,BLEPnP @900939,25350,DA8C0100,1015.94
01/04/2025 08:35:51.235,170639,BLEPnP @900939,25355,D58C0100,1015.89
01/04/2025 08:35:51.295,170699,BLEPnP @900939,25360,CF8C0100,1015.83
01/04/2025 08:35:51.325,170730,BLEPnP @900939,25365,D18C0100,1015.85
01/04/2025 08:35:51.415,170819,BLEPnP @900939,25370,D28C0100,1015.86
01/04/2025 08:35:51.445,170849,BLEPnP @900939,25375,D48C0100,1015.88
01/04/2025 08:35:51.475,170879,BLEPnP @900939,25380,D38C0100,1015.87
01/04/2025 08:35:51.535,170939,BLEPnP @900939,25385,D48C0100,1015.88
01/04/2025 08:35:51.595,170999,BLEPnP @900939,25390,DA8C0100,1015.94
01/04/2025 08:35:51.625,171029,BLEPnP @900939,25395,D78C0100,1015.91
01/04/2025 08:35:51.685,171089,BLEPnP @900939,25400,D68C0100,1015.9
01/04/2025 08:35:51.745,171149,BLEPnP @900939,25405,D68C0100,1015.9
01/04/2025 08:35:51.774,171178,BLEPnP @900939,25410,D18C0100,1015.85
01/04/2025 08:35:51.835,171239,BLEPnP @900939,25415,D58C0100,1015.89
01/04/2025 08:35:51.895,171299,BLEPnP @900939,25420,D88C0100,1015.92
01/04/2025 08:35:51.925,171329,BLEPnP @900939,25425,D58C0100,1015.89
01/04/2025 08:35:51.985,171389,BLEPnP @900939,25430,D08C0100,1015.84
01/04/2025 08:35:52.045,171449,BLEPnP @900939,25435,CF8C0100,1015.83
01/04/2025 08:35:52.075,171479,BLEPnP @900939,25440,D18C0100,1015.85
01/04/2025 08:35:52.135,171539,BLEPnP @900939,25445,D48C0100,1015.88
01/04/2025 08:35:52.195,171599,BLEPnP @900939,25450,D18C0100,1015.85
01/04/2025 08:35:52.225,171629,BLEPnP @900939,25455,D68C0100,1015.9
01/04/2025 08:35:52.285,171689,BLEPnP @900939,25460,DE8C0100,1015.98
01/04/2025 08:35:52.344,171748,BLEPnP @900939,25465,D68C0100,1015.9
01/04/2025 08:35:52.374,171779,BLEPnP @900939,25470,D48C0100,1015.88
01/04/2025 08:35:52.434,171839,BLEPnP @900939,25475,D18C0100,1015.85
01/04/2025 08:35:52.494,171899,BLEPnP @900939,25480,D78C0100,1015.91
01/04/2025 08:35:52.524,171929,BLEPnP @900939,25485,D48C0100,1015.88
01/04/2025 08:35:52.585,171989,BLEPnP @900939,25490,D88C0100,1015.92
01/04/2025 08:35:52.644,172049,BLEPnP @900939,25495,D68C0100,1015.9
01/04/2025 08:35:52.674,172079,BLEPnP @900939,25500,D28C0100,1015.86
01/04/2025 08:35:52.735,172139,BLEPnP @900939,25505,D28C0100,1015.86
01/04/2025 08:35:52.795,172199,BLEPnP @900939,25510,D68C0100,1015.9
01/04/2025 08:35:52.824,172228,BLEPnP @900939,25515,D78C0100,1015.91
01/04/2025 08:35:52.885,172289,BLEPnP @900939,25520,D58C0100,1015.89
01/04/2025 08:35:52.945,172349,BLEPnP @900939,25525,D88C0100,1015.92
01/04/2025 08:35:52.974,172379,BLEPnP @900939,25530,D98C0100,1015.93
01/04/2025 08:35:53.034,172439,BLEPnP @900939,25535,D48C0100,1015.88
01/04/2025 08:35:53.095,172499,BLEPnP @900939,25540,D48C0100,1015.88
01/04/2025 08:35:53.154,172558,BLEPnP @900939,25545,D58C0100,1015.89
01/04/2025 08:35:53.185,172589,BLEPnP @900939,25550,D18C0100,1015.85
01/04/2025 08:35:53.245,172649,BLEPnP @900939,25555,D28C0100,1015.86
01/04/2025 08:35:53.274,172679,BLEPnP @900939,25560,D68C0100,1015.9
01/04/2025 08:35:53.334,172739,BLEPnP @900939,25565,CF8C0100,1015.83
01/04/2025 08:35:53.394,172799,BLEPnP @900939,25570,D08C0100,1015.84
01/04/2025 08:35:53.424,172828,BLEPnP @900939,25575,D58C0100,1015.89
01/04/2025 08:35:53.485,172889,BLEPnP @900939,25580,D48C0100,1015.88
01/04/2025 08:35:53.545,172949,BLEPnP @900939,25585,D28C0100,1015.86
01/04/2025 08:35:53.574,172979,BLEPnP @900939,25590,D78C0100,1015.91
01/04/2025 08:35:53.634,173039,BLEPnP @900939,25595,D38C0100,1015.87
01/04/2025 08:35:53.694,173099,BLEPnP @900939,25600,D58C0100,1015.89
01/04/2025 08:35:53.724,173128,BLEPnP @900939,25605,D88C0100,1015.92
01/04/2025 08:35:53.784,173188,BLEPnP @900939,25610,D78C0100,1015.91
01/04/2025 08:35:53.844,173249,BLEPnP @900939,25615,D48C0100,1015.88
01/04/2025 08:35:53.874,173279,BLEPnP @900939,25620,D68C0100,1015.9
01/04/2025 08:35:53.934,173338,BLEPnP @900939,25625,D48C0100,1015.88
01/04/2025 08:35:53.994,173399,BLEPnP @900939,25630,D48C0100,1015.88
01/04/2025 08:35:54.024,173428,BLEPnP @900939,25635,D38C0100,1015.87
01/04/2025 08:35:54.084,173489,BLEPnP @900939,25640,D48C0100,1015.88
01/04/2025 08:35:54.144,173548,BLEPnP @900939,25645,D18C0100,1015.85
01/04/2025 08:35:54.174,173578,BLEPnP @900939,25650,D18C0100,1015.85
01/04/2025 08:35:54.234,173639,BLEPnP @900939,25655,D28C0100,1015.86
01/04/2025 08:35:54.294,173699,BLEPnP @900939,25660,D78C0100,1015.91
01/04/2025 08:35:54.324,173728,BLEPnP @900939,25665,D58C0100,1015.89
01/04/2025 08:35:54.384,173789,BLEPnP @900939,25670,D28C0100,1015.86
01/04/2025 08:35:54.444,173848,BLEPnP @900939,25675,D48C0100,1015.88
01/04/2025 08:35:54.474,173878,BLEPnP @900939,25680,D68C0100,1015.9
01/04/2025 08:35:54.535,173939,BLEPnP @900939,25685,DA8C0100,1015.94
01/04/2025 08:35:54.594,173999,BLEPnP @900939,25690,D98C0100,1015.93
01/04/2025 08:35:54.624,174028,BLEPnP @900939,25695,D78C0100,1015.91
01/04/2025 08:35:54.684,174089,BLEPnP @900939,25700,D78C0100,1015.91
01/04/2025 08:35:54.744,174148,BLEPnP @900939,25705,D58C0100,1015.89
01/04/2025 08:35:54.774,174178,BLEPnP @900939,25710,D08C0100,1015.84
01/04/2025 08:35:54.834,174238,BLEPnP @900939,25715,D28C0100,1015.86
01/04/2025 08:35:54.894,174298,BLEPnP @900939,25720,D48C0100,1015.88
01/04/2025 08:35:54.924,174328,BLEPnP @900939,25725,D58C0100,1015.89
01/04/2025 08:35:54.984,174389,BLEPnP @900939,25730,D38C0100,1015.87
01/04/2025 08:35:55.044,174448,BLEPnP @900939,25735,D78C0100,1015.91
01/04/2025 08:35:55.074,174478,BLEPnP @900939,25740,D38C0100,1015.87
01/04/2025 08:35:55.133,174538,BLEPnP @900939,25745,D28C0100,1015.86
